Programming,Communication,ProblemSolving,Leadership,Experience,TechnicalDepth,Interest,Role
6,7,7,2,3,3,Research,2
10,2,4,3,4,9,Coding,0
6,4,5,9,1,5,Coding,5
5,8,1,3,3,3,Management,3
8,10,9,10,5,3,Research,2
5,7,7,3,0,7,Management,3
5,4,6,4,0,9,Management,5
6,4,2,8,4,1,Management,3
7,8,1,7,4,10,Design,1
2,4,7,3,4,3,Management,3
10,10,3,2,3,3,Research,3
1,6,10,10,0,8,Management,5
7,2,5,5,3,3,Design,1
5,2,5,2,4,2,Coding,3
7,5,3,5,2,4,Design,1
1,8,6,4,4,6,Research,4
6,3,5,8,0,4,Coding,5
3,8,4,3,0,4,Management,4
7,4,4,3,1,4,Research,3
3,4,2,6,2,1,Design,1
7,3,8,8,0,9,Research,2
8,5,8,4,4,5,Coding,0
4,9,8,4,5,1,Management,3
1,7,7,5,1,3,Coding,3
5,7,4,10,1,6,Research,5
4,9,1,10,2,3,Management,3
9,6,2,9,2,10,Research,5
4,3,5,7,3,10,Research,5
5,9,10,2,0,7,Coding,4
2,7,10,3,3,2,Management,3
7,8,6,8,5,9,Research,4
5,1,8,10,5,4,Design,1
3,9,4,2,3,6,Design,1
5,3,9,3,0,4,Design,1
7,1,9,1,1,8,Coding,1
7,1,3,5,3,4,Management,3
7,5,5,8,3,9,Design,1
3,4,2,7,4,9,Coding,1
8,3,9,3,3,9,Coding,0
9,8,3,2,4,1,Coding,0
5,2,4,6,3,10,Research,3
7,10,1,1,1,3,Design,1
10,4,2,9,1,9,Management,5
9,5,1,3,1,8,Coding,0
9,9,1,1,2,1,Coding,0
5,3,5,4,1,6,Design,1
10,10,8,9,3,6,Management,4
1,2,3,1,2,3,Coding,3
1,3,3,2,2,6,Design,1
8,1,9,5,5,10,Coding,0
5,2,5,4,1,9,Research,3
4,3,6,2,1,9,Management,3
7,10,4,2,3,4,Design,1
6,4,1,10,3,6,Coding,5
10,1,6,1,3,10,Design,1
5,6,6,3,5,4,Coding,4
4,4,10,6,5,10,Research,2
3,10,7,6,5,4,Management,4
5,1,7,10,2,4,Coding,5
6,8,9,2,1,9,Design,1
1,10,2,7,4,3,Design,1
7,3,2,9,2,10,Management,5
9,10,8,4,0,10,Management,4
4,1,6,6,3,6,Coding,5
8,8,3,9,3,6,Research,4
2,3,1,6,2,2,Management,3
6,4,10,9,2,3,Coding,3
4,10,10,1,5,5,Design,1
8,4,6,4,1,5,Research,0
5,10,10,8,4,10,Research,2
3,2,8,4,3,1,Coding,3
3,5,7,2,0,8,Research,2
1,5,3,4,2,1,Research,3
1,6,4,1,1,3,Coding,3
7,5,2,8,4,9,Design,1
5,6,4,5,3,8,Design,1
3,5,9,6,2,8,Design,1
4,5,2,6,3,6,Research,3
1,2,2,8,5,10,Research,5
9,5,7,2,5,4,Coding,0
3,4,3,10,3,5,Research,5
4,4,10,2,2,5,Research,2
7,7,10,4,1,9,Management,4
10,3,8,2,5,7,Coding,0
8,3,5,3,4,7,Coding,0
6,10,8,4,4,3,Research,2
2,4,2,2,0,5,Management,5
10,4,1,4,0,1,Coding,0
7,9,7,5,4,9,Research,2
8,9,3,9,3,5,Management,4
9,3,7,9,2,6,Coding,0
10,6,2,9,1,6,Research,5
9,5,8,9,5,3,Coding,0
8,1,10,9,3,5,Design,1
5,1,8,10,3,4,Research,2
9,4,1,6,0,2,Management,3
8,5,4,5,3,10,Design,1
2,7,6,6,2,10,Design,1
7,6,7,8,0,5,Coding,5
7,8,2,9,2,9,Design,1
2,6,4,10,2,10,Management,5
7,8,10,9,3,7,Coding,4
3,4,7,5,4,3,Coding,3
1,9,6,5,0,7,Coding,4
1,6,4,9,3,6,Coding,5
7,10,3,9,3,9,Coding,4
4,5,6,3,3,10,Management,0
8,7,9,1,4,5,Research,2
10,4,9,3,4,7,Coding,0
2,4,5,2,1,10,Management,5
1,4,5,2,3,7,Design,1
4,7,7,1,0,10,Management,4
3,1,9,9,5,6,Research,2
9,8,9,7,4,1,Management,3
6,8,5,6,5,8,Coding,4
1,4,9,9,0,2,Research,2
8,1,10,2,0,1,Management,3
5,9,3,6,4,9,Management,4
10,6,7,1,3,4,Research,2
4,10,6,6,2,1,Research,3
7,3,2,9,2,9,Research,5
2,9,7,9,2,4,Management,4
4,6,9,4,0,3,Design,1
8,7,6,8,4,5,Coding,0
5,10,1,10,0,7,Management,4
2,3,3,8,0,1,Coding,3
8,9,8,9,1,6,Management,4
9,5,10,1,5,10,Coding,0
8,2,4,6,1,10,Research,2
7,2,8,10,3,7,Research,2
2,7,6,9,5,4,Management,5
1,3,3,7,3,7,Research,2
9,2,1,2,0,3,Coding,0
8,4,6,3,1,2,Research,3
6,1,5,9,0,6,Research,5
8,10,3,8,1,1,Design,1
2,8,3,5,2,2,Design,1
9,6,8,5,3,3,Management,3
10,6,4,6,2,6,Design,1
1,5,5,4,5,7,Design,1
9,2,5,5,3,6,Management,5
10,7,3,10,0,7,Management,5
6,9,9,5,2,6,Research,2
10,2,6,5,5,7,Research,1
5,4,7,1,3,6,Coding,2
9,8,7,2,2,7,Research,2
9,6,6,6,1,7,Coding,0
10,10,10,8,4,10,Research,2
4,4,10,9,4,7,Research,2
7,7,6,6,5,2,Management,3
3,3,5,3,5,10,Research,2
6,8,8,2,1,9,Design,1
3,8,9,10,4,3,Management,3
10,4,4,2,2,9,Design,1
8,9,6,8,2,6,Management,4
5,7,9,7,3,9,Design,1
2,10,5,8,1,7,Research,4
10,8,4,2,4,4,Research,4
7,4,2,5,1,8,Coding,4
7,6,8,3,2,5,Coding,1
5,5,6,6,5,7,Coding,0
6,4,1,9,1,3,Coding,3
5,6,1,5,3,7,Management,2
2,7,6,8,5,10,Management,5
1,1,9,9,3,1,Management,3
10,4,7,9,4,9,Management,5
7,5,1,8,2,2,Design,1
6,5,1,2,4,10,Management,0
1,8,3,1,3,3,Research,3
4,6,5,9,0,7,Research,5
7,6,6,7,1,9,Management,1
8,10,3,8,0,3,Research,3
10,2,7,10,5,7,Management,5
3,3,1,6,1,7,Management,1
6,9,1,3,3,6,Management,4
4,9,2,6,2,8,Research,4
10,7,4,8,2,5,Management,5
3,1,6,6,3,7,Management,4
6,3,6,4,0,9,Research,2
8,10,4,10,0,6,Management,4
8,8,8,7,2,8,Coding,0
7,7,5,6,1,6,Management,5
3,8,2,7,5,10,Management,4
8,3,4,9,1,5,Coding,0
1,10,3,10,0,7,Management,4
10,7,4,4,2,1,Coding,0
5,3,6,1,5,7,Management,1
5,3,3,9,2,6,Management,5
7,2,2,1,4,9,Coding,3
1,6,10,6,1,8,Design,1
3,3,2,6,1,4,Research,5
6,9,9,2,2,7,Research,2
10,1,8,1,0,6,Management,0
1,9,9,10,3,10,Management,4
2,1,2,5,2,6,Management,1
4,4,4,4,3,4,Coding,1
6,4,8,4,0,7,Research,2
4,8,5,2,4,3,Design,1
8,2,4,8,3,1,Design,1
6,8,9,3,0,9,Research,2
1,1,5,1,1,2,Research,3
10,1,10,3,2,5,Coding,0
3,8,9,2,3,1,Management,3
7,7,1,5,0,5,Coding,2
8,5,9,9,1,1,Management,3
4,7,10,2,0,3,Research,2
9,10,1,2,3,3,Research,3
3,3,4,9,0,3,Design,1
9,1,9,7,5,6,Coding,0
4,1,9,4,3,4,Design,1
3,9,9,10,1,3,Coding,3
5,9,3,2,4,9,Research,4
7,2,8,2,4,8,Coding,4
9,5,7,6,0,3,Management,3
7,1,4,9,0,2,Design,1
10,7,5,4,2,1,Management,3
1,7,6,6,4,8,Management,4
6,10,2,1,4,3,Coding,3
9,8,4,7,0,6,Research,4
3,2,10,3,5,2,Management,3
6,6,3,6,5,9,Coding,0
3,4,5,7,3,10,Management,1
1,3,9,1,2,8,Design,1
2,10,2,4,3,3,Coding,3
9,2,5,1,3,3,Coding,0
9,5,4,10,2,1,Management,3
6,1,9,6,0,8,Research,2
10,3,1,5,4,5,Management,4
2,4,10,6,4,6,Coding,1
7,1,5,7,5,6,Coding,4
5,3,9,7,3,6,Design,1
3,6,1,4,3,4,Management,4
9,3,10,6,5,5,Research,2
6,1,5,5,5,2,Design,1
2,10,7,2,1,3,Design,1
5,4,5,4,1,8,Coding,2
3,10,3,8,3,2,Coding,3
1,5,7,3,1,9,Design,1
9,7,2,8,3,9,Coding,0
2,6,3,5,2,8,Design,1
7,10,3,7,5,5,Management,4
3,3,4,9,5,4,Design,1
4,9,2,4,4,3,Research,3
3,8,2,7,3,2,Coding,3
7,5,3,8,2,4,Research,5
7,6,1,1,5,10,Design,1
1,4,3,5,3,6,Management,3
6,8,2,10,0,2,Research,3
3,6,2,10,4,3,Design,1
6,1,6,10,1,3,Management,3
3,3,2,9,1,5,Coding,5
3,5,5,4,2,8,Research,1
2,5,9,4,2,2,Management,3
1,7,7,9,0,5,Coding,5
7,3,6,1,0,5,Research,5
9,8,7,10,5,6,Design,1
8,9,2,3,3,2,Design,1
10,3,3,1,4,3,Coding,0
4,7,3,2,1,1,Management,3
1,7,7,8,1,5,Management,5
4,3,6,7,4,5,Design,1
3,10,8,9,4,6,Design,1
10,9,5,2,5,3,Management,3
6,5,10,8,1,2,Research,2
10,3,1,4,2,1,Coding,0
3,5,1,5,1,4,Design,1
4,4,4,3,2,5,Design,1
7,10,7,10,2,4,Research,2
2,9,5,8,2,7,Management,4
6,1,5,9,4,3,Design,1
9,1,2,5,5,10,Management,0
4,3,1,4,5,2,Design,1
2,8,2,7,2,8,Design,1
8,4,8,4,4,4,Research,2
1,2,5,9,1,9,Design,1
5,2,1,5,1,2,Coding,3
3,5,6,1,5,1,Design,1
1,2,3,2,0,3,Research,3
5,4,9,7,4,5,Coding,1
5,10,5,10,1,1,Coding,3
4,3,6,2,5,9,Coding,5
3,6,10,1,4,10,Coding,2
6,9,4,2,0,10,Design,1
10,1,7,2,3,1,Design,1
4,1,9,7,1,8,Coding,0
6,10,3,8,4,5,Management,4
3,4,8,10,1,10,Coding,5
8,3,2,8,1,9,Research,5
2,3,1,1,3,10,Coding,5
8,10,9,9,5,4,Management,4
4,9,10,1,5,2,Research,2
7,3,10,10,1,1,Research,2
7,7,7,9,3,9,Research,2
2,4,9,9,0,8,Coding,5
2,9,4,10,3,5,Design,1
7,10,7,6,5,6,Design,1
3,3,7,8,3,5,Coding,5
7,8,2,7,0,1,Management,3
3,6,4,9,0,4,Research,5
8,2,1,3,4,1,Research,3
6,2,10,3,2,1,Research,2
3,10,3,10,0,10,Design,1
8,7,6,4,5,2,Coding,0
3,3,5,3,1,1,Coding,3
5,6,3,7,3,1,Management,3
10,6,7,3,4,10,Research,2
9,3,7,2,4,8,Management,4
7,10,4,9,2,8,Coding,4
2,1,6,4,1,7,Design,1
1,1,5,6,3,5,Research,2
4,1,8,4,4,9,Design,1
8,10,1,1,5,2,Coding,0
8,7,8,10,1,1,Management,3
4,4,10,10,5,9,Management,5
10,8,2,1,3,5,Management,4
7,1,8,2,4,2,Research,2
4,2,1,8,0,4,Research,5
6,8,5,9,3,9,Design,1
7,6,4,1,3,5,Management,5
4,7,10,8,2,1,Coding,3
6,6,3,4,5,9,Management,5
10,10,8,1,3,4,Coding,0
1,9,10,8,1,5,Management,4
4,7,6,10,5,2,Research,3
10,7,6,3,5,5,Management,0
5,9,7,5,5,5,Research,2
1,8,10,10,0,5,Design,1
3,4,7,1,5,2,Design,1
2,5,10,2,2,10,Design,1
7,9,3,9,2,6,Coding,4
6,1,2,5,3,3,Coding,3
1,7,2,4,3,10,Design,1
3,1,4,7,5,1,Design,1
8,2,5,2,2,2,Management,3
9,5,3,1,2,1,Design,1
10,4,3,3,0,2,Management,3
5,1,3,4,3,7,7,8,2,3,2,2,De7,10,8,5,2,8,Management,4
8,4,7,8,1,7,Research,2
8,3,2,6,2,8,Research,3
10,10,2,4,5,6,Design,1
5,5,6,5,5,1,Design,1
1,5,5,9,5,10,Design,1
2,5,4,2,0,5,Research,5
2,8,5,4,1,8,Management,4
9,2,6,2,5,10,Management,5
9,10,8,3,5,10,Coding,0
6,10,2,1,0,7,Research,4
5,1,6,6,2,8,Research,0
8,2,2,8,4,4,Design,1
5,2,6,1,5,9,Research,0
6,2,10,2,1,3,Research,2
9,4,9,3,2,1,Research,2
7,6,6,8,4,6,Research,5
10,10,7,1,3,1,Coding,0
4,9,9,7,4,5,Coding,4
9,3,6,7,1,9,Design,1
5,6,2,10,5,5,Management,5
9,8,2,4,2,8,Management,4
6,2,9,5,2,2,Management,3
2,10,10,5,5,5,Coding,4
8,7,5,9,4,1,Coding,0
8,7,5,6,4,10,Research,2
8,7,3,6,0,6,Management,1
10,5,7,9,2,3,Coding,0
6,5,8,6,1,6,Management,3
10,1,4,2,4,4,Coding,0
2,5,6,4,0,9,Coding,0
8,8,10,6,4,7,Management,4
5,6,5,8,5,3,Coding,3
5,2,4,10,3,7,Management,5
9,9,4,9,4,8,Design,1
1,5,4,6,5,7,Management,4
5,8,2,10,1,9,Coding,4
4,7,6,2,3,4,Design,1
4,6,6,3,5,1,Management,3
8,5,7,4,0,10,Management,2
10,1,2,8,0,7,Design,1
1,4,10,6,2,9,Management,3
9,9,3,6,5,3,Design,1
8,10,9,10,1,8,Design,1
6,4,3,3,5,3,Coding,3
10,7,2,9,0,1,Research,3
5,4,4,2,4,9,Coding,1
2,9,2,9,5,9,Research,4
2,6,9,4,1,9,Management,0
7,9,10,9,4,7,Coding,4
10,1,7,4,1,2,Design,1
2,4,6,2,0,7,Research,1
1,8,7,5,1,10,Coding,4
1,10,6,8,0,3,Research,3
6,10,1,9,5,2,Design,1
6,2,7,3,4,8,Coding,2
1,4,6,7,5,2,Management,3
9,9,1,9,0,6,Coding,0
5,7,8,5,4,8,Coding,5
10,8,8,2,3,6,Coding,0
7,8,10,7,5,1,Design,1
5,3,5,1,3,3,Design,1
1,3,1,5,0,8,Coding,5
8,2,6,4,2,4,Design,1
9,6,3,9,5,1,Management,3
8,2,9,2,2,3,Design,1
3,4,10,8,3,1,Coding,3
6,6,9,6,2,9,Coding,5
3,4,3,5,5,10,Design,1
2,10,6,10,2,8,Design,1
4,8,10,6,4,8,Research,2
10,5,7,1,2,9,Management,1
7,1,6,2,3,8,Design,1
2,3,9,10,3,10,Management,5
2,6,7,4,3,3,Design,1
7,1,7,2,5,7,Coding,1
7,1,4,4,4,8,Management,3
6,10,10,1,5,10,Design,1
4,4,5,4,0,3,Research,3
9,6,3,2,1,10,Research,3
10,1,10,4,4,7,Design,1
5,1,2,8,5,3,Coding,3
7,8,7,7,1,2,Research,2
6,8,4,5,1,2,Management,3
8,3,9,7,0,4,Design,1
4,6,9,6,5,10,Design,1
5,7,3,4,5,8,Research,4
9,3,3,4,2,6,Coding,0
10,2,8,2,3,1,Design,1
6,6,9,8,4,6,Management,5
8,9,3,2,5,2,Research,3
5,10,4,8,1,6,Research,4
4,6,5,5,4,3,Research,3
10,8,1,7,3,7,Research,4
5,6,6,5,5,7,Coding,0
6,7,8,3,0,10,Research,2
6,10,9,1,1,3,Management,3
7,10,6,6,1,3,Design,1
4,6,5,7,4,8,Design,1
9,8,9,1,4,10,Research,2
4,8,7,1,4,9,Design,1
3,6,9,3,2,10,Management,3
5,4,6,10,3,8,Management,5
6,3,8,10,3,1,Research,2
2,3,7,6,1,7,Research,2
3,7,8,7,1,4,Research,2
1,4,4,6,5,9,Coding,5
8,5,5,1,5,10,Research,3
10,10,7,4,3,4,Management,4
9,7,3,2,1,5,Management,2
7,1,2,6,0,5,Coding,5
3,9,1,8,1,9,Design,1
3,7,2,5,2,3,Design,1
8,9,7,5,4,2,Design,1
6,6,3,9,0,7,Design,1
2,1,6,2,0,5,Design,1
5,3,10,1,4,3,Research,2
10,6,8,8,3,2,Coding,0
3,3,1,9,0,8,Design,1
5,6,7,1,2,4,Design,1
2,2,8,1,5,1,Research,2
9,3,4,6,1,9,Design,1
2,7,2,9,3,3,Design,1
3,6,1,7,4,3,Management,3
4,3,4,7,2,5,Research,1
7,1,8,4,1,4,Management,4
2,7,6,10,0,8,Management,5
8,7,8,2,5,3,Design,1
7,5,1,1,0,2,Coding,3
10,9,2,1,5,5,Management,4
7,4,1,4,4,2,Coding,3
4,7,2,1,0,7,Coding,2
8,1,3,7,5,3,Design,1
6,6,5,7,2,8,Design,1
9,3,6,1,2,6,Coding,0
5,8,7,1,4,5,Coding,4
10,7,2,4,0,1,Research,3
10,6,8,3,2,4,Design,1
9,3,5,9,0,5,Coding,0
2,3,3,4,3,7,Management,4
5,1,5,6,3,10,Research,3
3,10,8,9,2,3,Management,3
9,10,3,4,4,2,Coding,0
3,2,4,3,3,6,Coding,0
9,5,5,8,0,2,Management,3
4,1,9,5,0,7,Coding,2
2,4,8,7,5,6,Coding,1
1,2,5,9,0,2,Coding,3
5,1,4,3,3,5,Management,5
2,3,8,3,4,5,Coding,5
1,1,8,3,0,7,Management,3
7,10,5,6,1,10,Design,1
7,1,8,9,4,4,Coding,5
8,2,2,4,1,5,Coding,0
7,8,5,6,1,2,Management,3
4,5,3,1,0,2,Coding,3
9,5,8,7,5,2,Coding,0
4,3,10,2,3,2,Design,1
6,8,4,4,4,4,Management,4
7,5,5,8,3,6,Research,5
6,5,9,9,2,9,Research,2
1,8,1,10,2,2,Management,3
1,7,8,3,4,3,Management,3
8,8,1,2,4,8,Research,4
9,7,1,8,1,1,Research,3
1,4,8,8,1,4,Management,5
7,6,8,5,5,3,Management,3
9,3,8,5,4,10,Management,1
10,6,8,8,4,1,Design,1
4,1,2,5,3,2,Research,3
2,10,1,1,4,1,Management,3
9,6,10,10,0,7,Research,2
10,8,2,5,2,8,Management,4
5,8,7,1,5,2,Design,1
6,8,9,9,2,8,Design,1
2,6,9,4,2,6,Coding,4
3,3,9,9,2,3,Management,3
8,9,6,10,2,4,Research,4
6,5,10,9,4,9,Research,2
5,10,4,8,3,7,Design,1
3,8,2,1,2,8,Design,1
2,9,6,9,3,2,Management,3
9,2,9,7,4,3,Management,3
8,4,5,9,4,5,Research,5
9,1,4,7,1,3,Management,3
3,3,6,3,1,5,Coding,4
2,2,10,5,2,8,Design,1
10,3,9,9,2,4,Research,2
3,8,4,3,3,9,Coding,4
10,3,8,8,4,5,Management,5
1,3,6,2,4,10,Design,1
7,8,10,6,2,4,Management,4
9,4,2,4,1,3,Design,1
4,9,9,7,5,7,Management,4
1,10,6,5,0,8,Management,4
3,10,1,10,5,2,Design,1
8,1,6,4,1,2,Coding,0
8,5,4,5,2,6,Coding,0
8,9,2,10,3,9,Coding,0
4,2,6,5,3,8,Management,0
10,9,7,3,5,8,Coding,0
1,9,9,4,2,2,Design,1
9,3,3,2,0,8,Coding,0
5,9,1,2,0,4,Coding,4
1,3,10,4,0,9,Coding,3
9,2,1,1,4,6,Design,1
4,2,3,3,0,8,Coding,4
10,10,2,3,0,9,Research,4
3,7,4,2,2,8,Design,1
4,2,8,4,0,2,Coding,3
1,3,4,4,3,7,Research,0
10,4,8,2,0,9,Design,1
9,3,2,3,3,3,Management,3
1,9,5,8,2,5,Coding,4
6,1,6,2,0,6,Management,3
4,8,10,2,1,2,Coding,3
8,8,6,1,2,4,Research,4
3,5,1,5,5,2,Design,1
1,3,7,3,3,6,Design,1
2,2,5,10,2,4,Design,1
10,3,5,6,2,4,Research,3
1,10,6,10,5,10,Management,4
6,9,1,1,5,4,Design,1
8,2,1,5,2,5,Coding,0
5,7,7,8,0,8,Design,1
8,1,7,4,5,9,Management,4
7,7,10,7,1,8,Management,1
1,9,2,6,3,10,Research,4
5,10,3,2,3,7,Research,4
5,2,3,2,5,3,Management,3
4,7,10,5,3,7,Research,2
2,5,4,2,5,2,Research,3
4,1,3,3,1,6,Coding,4
3,2,8,6,5,9,Management,0
8,8,3,5,4,4,Management,4
7,7,9,10,5,1,Design,1
1,7,7,3,5,2,Management,3
7,3,10,9,5,3,Coding,3
9,7,3,1,1,8,Design,1
6,10,1,8,0,6,Design,1
6,7,3,6,0,9,Management,0
1,9,3,1,0,2,Management,3
8,6,9,7,5,8,Research,2
2,4,8,10,1,7,Management,5
1,3,8,2,4,2,Coding,3
7,8,7,3,1,7,Research,2
4,10,3,10,2,6,Management,4
1,10,6,1,5,6,Coding,4
2,7,1,8,4,1,Management,3
4,2,3,7,3,7,Management,5
5,2,8,10,5,5,Design,1
6,8,8,5,2,5,Design,1
9,3,5,1,3,1,Coding,0
2,5,10,6,5,5,Management,4
1,8,8,6,0,4,Coding,4
7,10,1,2,2,9,Coding,4
2,6,3,8,5,9,Management,5
10,6,9,1,0,10,Management,4
4,8,6,2,4,5,Design,1
3,7,1,9,4,5,Coding,5
8,7,10,1,0,8,Coding,0
4,3,4,9,0,9,Management,5
5,6,9,5,5,10,Coding,0
8,2,1,7,0,10,Design,1
10,5,2,6,5,2,Design,1
6,2,2,9,4,7,Research,5
1,9,5,3,2,6,Design,1
6,8,5,10,1,3,Research,3
2,7,4,2,4,5,Coding,4
9,6,9,8,4,3,Research,2
7,5,2,9,3,7,Design,1
8,8,6,8,2,2,Management,3
8,7,9,3,0,1,Research,2
10,4,2,2,3,8,Design,1
2,1,2,5,4,5,Design,1
8,6,6,3,1,9,Management,2
5,3,7,9,1,1,Coding,3
7,8,3,4,1,9,Design,1
8,9,2,1,5,7,Design,1
1,7,2,5,1,10,Coding,0
1,2,2,10,1,10,Coding,5
2,6,8,9,3,4,Research,2
7,1,3,6,2,8,Research,4
9,5,8,10,5,8,Research,2
4,1,2,7,0,6,Coding,1
3,10,5,6,1,4,Management,4
1,6,1,5,5,6,Design,1
8,2,7,4,0,3,Design,1
4,2,4,1,1,5,Research,3
1,4,5,4,0,9,Management,4
10,5,1,10,4,3,Design,1
10,8,2,6,4,8,Management,4
5,7,8,4,0,6,Design,1
7,5,5,8,5,9,Coding,5
5,3,2,10,0,10,Management,5
7,6,2,1,0,7,Design,1
9,2,4,8,5,4,Design,1
6,4,4,2,2,7,Management,0
4,7,8,2,4,8,Management,0
8,4,6,7,4,2,Research,3
7,8,9,10,4,7,Design,1
5,9,6,1,1,10,Research,4
3,5,1,7,4,6,Research,5
6,2,9,2,2,5,Coding,2
7,1,3,3,1,2,Design,1
10,7,8,6,4,8,Design,1
1,9,10,6,1,5,Design,1
6,1,8,9,1,10,Research,2
3,2,5,3,5,7,Management,0
6,9,2,8,1,2,Design,1
7,7,10,5,5,1,Management,3
5,1,9,8,5,7,Design,1
5,9,3,5,0,9,Design,1
8,3,2,8,3,4,Coding,0
1,9,9,7,0,4,Coding,4
9,2,6,9,4,8,Coding,0
3,3,5,1,4,2,Coding,3
8,7,8,3,5,3,Management,3
9,5,9,5,4,6,Research,2
2,4,5,3,3,5,Design,1
7,6,10,9,2,5,Research,2
6,1,5,3,2,4,Coding,1
10,9,2,3,3,10,Management,4
6,1,10,3,2,5,Management,0
10,5,7,8,1,9,Design,1
9,1,7,6,1,8,Coding,0
3,5,5,4,2,8,Coding,0
1,5,10,4,2,4,Research,2
10,7,4,9,4,7,Coding,0
10,3,7,2,1,3,Design,1
7,9,6,8,4,10,Research,4
6,7,8,10,3,8,Coding,5
1,7,4,5,2,5,Management,0
9,9,2,2,1,5,Coding,0
9,2,3,4,0,10,Coding,0
6,5,10,7,2,6,Research,2
10,6,3,8,2,6,Management,5
8,5,2,4,3,9,Design,1
3,5,5,8,1,10,Management,5
9,3,1,6,3,1,Coding,0
10,5,8,2,0,6,Design,1
3,4,1,2,0,8,Coding,4
4,3,8,6,1,8,10,10,7,8,3,6,5,10,2,7,4,10,Design,1
7,8,4,9,1,2,Research,3
8,8,3,8,0,9,Coding,0
9,10,2,8,0,6,Research,4
6,7,7,8,0,10,Research,2
5,10,9,5,5,7,Coding,4
7,1,9,8,4,2,Coding,3
4,8,1,9,3,10,Management,4
9,6,10,7,0,3,Research,2
3,3,9,2,1,7,Design,1
2,2,5,7,0,3,Coding,3
7,4,8,7,4,4,Coding,4
2,9,7,9,1,3,Design,1
6,9,1,5,1,7,Coding,4
2,2,8,6,5,6,Management,5
6,2,9,3,5,7,Research,2
9,2,2,2,1,5,Coding,0
7,6,1,10,3,8,Design,1
1,10,4,4,5,2,Coding,3
9,9,3,5,1,4,Coding,0
6,6,5,4,4,6,Research,4
2,1,3,3,3,5,Research,1
1,6,1,7,4,8,Management,0
6,3,10,8,3,9,Management,5
8,2,10,1,5,1,Design,1
7,6,9,2,3,5,Coding,3
2,8,8,1,4,3,Coding,3
7,2,9,9,1,3,Management,3
2,5,3,5,5,7,Research,5
1,10,7,2,5,8,Research,2
6,10,3,10,0,3,Coding,3
10,10,7,3,2,1,Management,3
10,8,3,9,4,3,Management,3
3,3,10,9,2,4,Coding,5
8,6,7,7,0,3,Research,2
3,7,3,6,1,3,Management,3
9,6,8,7,1,5,Coding,0
2,8,9,4,3,1,Coding,3
7,10,3,5,0,8,Management,4
10,3,8,4,2,6,Coding,0
8,10,10,7,4,5,Design,1
4,10,10,3,2,4,Coding,4
2,10,10,7,2,4,Design,1
7,4,7,10,1,7,Research,2
4,7,10,5,3,1,Design,1
9,5,3,4,5,4,Research,5
8,1,4,3,4,7,Management,3
4,2,2,2,4,3,Management,3
8,10,5,9,3,6,Design,1
8,4,10,5,3,1,Coding,0
2,4,4,8,1,10,Design,1
2,8,10,10,0,7,Management,4
8,7,4,10,0,9,Coding,0
9,2,9,2,5,2,Design,1
3,1,3,3,3,8,Management,3
10,3,1,4,1,4,Research,0
5,5,5,8,3,9,Management,5
1,4,6,8,1,6,Coding,5
1,5,6,5,3,6,Coding,4
9,6,6,8,2,9,Management,5
6,9,1,2,5,4,Research,4
2,2,2,10,4,10,Design,1
10,7,5,4,1,1,Coding,0
10,2,9,6,3,5,Coding,0
1,3,10,9,5,7,Research,2
5,5,10,10,3,7,Coding,5
1,3,2,1,5,9,Management,5
10,9,4,5,2,10,Design,1
6,1,8,1,0,2,Coding,3
4,10,10,7,1,10,Management,4
5,8,5,7,5,3,Coding,3
4,5,7,2,2,1,Research,2
9,10,8,4,2,1,Research,2
7,8,10,2,4,10,Coding,4
9,1,6,7,1,3,Management,3
1,3,2,5,5,9,Research,2
9,6,6,3,4,7,Research,4
2,7,7,3,2,4,Management,2
10,6,6,6,4,7,Management,2
5,2,6,6,4,3,Coding,3
4,10,1,9,4,1,Research,3
1,5,4,9,0,2,Design,1
6,2,5,9,3,7,Management,5
10,10,3,8,0,9,Coding,0
4,8,3,10,2,10,Management,4
2,7,8,5,0,3,Research,2
4,4,3,2,1,2,Coding,3
7,8,8,3,3,3,Management,3
5,10,4,6,0,6,Research,4
4,10,9,9,4,10,Design,1
4,5,6,4,1,10,Coding,2
2,6,8,5,2,2,Design,1
9,9,3,8,4,6,Design,1
9,5,5,5,5,4,Management,3
3,6,9,4,5,10,Coding,3
7,5,4,6,5,3,Research,3
10,9,6,8,1,2,Design,1
1,7,7,9,5,9,Management,5
9,10,3,9,0,6,Design,1
9,2,9,6,5,5,Research,2
1,9,5,5,3,8,Coding,4
3,9,6,3,0,3,Research,3
4,3,6,1,4,1,Management,3
8,8,6,6,0,8,Design,1
6,2,6,3,2,9,Design,1
2,2,1,8,4,4,Management,5
5,6,6,6,5,2,Research,3
3,7,6,5,2,7,Design,1
1,8,10,6,3,2,Design,1
6,5,1,10,2,1,Management,3
10,3,8,9,5,8,Coding,0
8,4,6,1,3,10,Management,0
5,6,6,5,5,9,Coding,4
2,6,10,8,0,2,Coding,3
9,9,7,6,0,10,Coding,0
9,1,10,9,3,2,Design,1
2,3,4,3,3,9,Research,1
4,4,2,5,5,5,Design,1
7,4,9,3,5,7,Research,2
7,6,1,7,4,4,Design,1
8,1,1,3,0,8,Management,3
1,10,3,7,2,4,Design,1
8,3,6,6,0,10,Coding,0
10,1,7,2,1,9,Design,1
3,4,2,9,4,10,Management,5
9,5,1,10,1,6,Research,5
6,9,7,10,2,4,Management,4
10,7,8,10,1,7,Design,1
10,2,2,1,3,1,Design,1
8,5,9,5,5,7,Coding,0
5,10,7,5,0,6,Coding,4
6,9,1,7,2,1,Coding,3
8,4,6,1,0,2,Management,3
9,7,6,9,0,6,Management,5
10,1,3,10,4,7,Coding,0
5,10,8,5,0,7,Management,4
10,10,5,8,0,6,Management,4
2,10,3,9,2,9,Research,4
8,8,6,4,1,8,Coding,0
3,6,8,6,4,9,Research,2
4,6,3,1,3,6,Management,2
1,10,8,1,0,3,Research,2
7,1,9,3,4,3,Design,1
3,10,8,2,5,8,Research,2
8,8,5,10,3,2,Coding,0
5,9,1,3,0,4,Research,4
6,5,9,8,0,8,Management,5
1,2,4,7,0,4,Research,3
2,2,3,9,3,8,Management,5
7,5,3,8,4,1,Management,3
6,8,6,10,3,6,Research,4
2,8,5,6,3,8,Research,4
7,8,2,5,2,9,Management,4
9,8,1,4,2,3,Management,3
9,10,4,7,5,7,Research,4
1,5,2,2,2,6,Design,1
1,5,3,6,4,6,Management,0
3,4,8,5,0,7,Design,1
10,1,1,6,1,9,Design,1
4,3,9,7,4,10,Coding,1
3,4,5,8,4,3,Research,3
3,4,4,1,1,5,Research,4
7,2,8,10,5,6,Management,5
2,7,2,6,5,9,Design,1
7,10,1,9,5,10,Research,4
1,1,9,8,5,7,Design,1
4,7,8,3,1,1,Management,3
9,2,2,10,4,10,Design,1
5,6,6,10,4,4,Coding,5
3,9,3,2,0,3,Design,1
2,9,1,4,1,8,Research,4
5,10,6,1,3,6,Design,1
2,1,1,5,4,9,Management,2
10,1,1,1,1,5,Coding,0
1,7,7,4,4,7,Research,2
10,7,10,9,0,6,Coding,0
1,6,3,7,4,7,Management,2
9,5,10,7,2,6,Research,2
2,5,1,2,1,6,Research,1
6,1,9,7,2,6,Coding,1
10,3,1,8,2,9,Design,1
8,6,1,10,4,4,Research,5
3,6,3,7,4,2,Management,3
6,3,9,3,0,2,Research,2
5,3,7,1,1,10,Research,2
8,9,9,4,4,9,Coding,0
6,7,1,10,2,3,Coding,3
10,9,3,7,0,8,Coding,0
3,6,4,7,0,4,Design,1
2,7,9,9,1,5,Design,1
3,3,7,4,3,7,Design,1
9,3,2,4,2,5,Research,0
3,5,10,7,5,4,Coding,2
6,6,10,5,5,10,Research,2
7,1,9,9,5,2,Coding,3
10,8,10,2,1,7,Coding,0
5,10,8,5,3,4,Coding,4
3,7,4,6,3,5,Research,2
5,6,7,7,1,10,Design,1
5,1,7,2,0,3,Research,2
6,5,3,5,3,6,Coding,0
9,8,10,8,5,3,Research,2
8,8,5,1,0,9,Research,4
8,9,6,7,1,4,Coding,0
10,6,4,6,0,8,Coding,0
1,9,9,5,4,10,Research,2
4,6,7,8,2,5,Research,2
7,1,9,1,2,7,Management,1
9,8,6,6,2,4,Management,4
6,1,5,10,2,3,Management,3
3,2,6,4,3,8,Management,0
6,8,8,2,2,7,Design,1
2,7,1,6,1,8,Management,2
5,1,7,4,5,7,Coding,0
6,1,2,4,0,7,Design,1
3,5,6,5,0,10,Research,5
9,2,3,4,1,10,Coding,0
9,2,3,8,0,5,Research,5
4,8,8,4,5,3,Design,1
9,7,9,6,0,10,Design,1
2,10,10,4,2,7,Management,4
2,2,2,4,3,2,Research,3
4,1,9,10,2,6,Research,2
4,2,2,5,0,2,Coding,3
3,9,8,6,4,4,Coding,4
5,4,8,3,4,4,Research,2
2,4,4,4,4,1,Management,3
6,5,8,1,2,2,Management,3
2,1,2,1,3,10,Coding,3
4,5,9,3,5,4,Research,2
7,5,3,8,4,5,Design,1
8,4,8,1,3,3,Management,3
5,9,1,8,0,3,Research,3
9,8,5,2,0,6,Coding,0
8,8,10,2,0,6,Design,1
2,2,3,4,0,2,Design,1
6,8,3,10,0,8,Management,4
9,3,7,4,4,5,Management,5
7,5,9,5,0,3,Management,3
2,9,1,6,4,6,Coding,4
6,1,8,4,0,7,Research,2
10,8,5,4,3,5,Management,4
2,10,9,6,4,4,Design,1
9,2,7,10,2,4,Design,1
8,4,9,10,4,8,Research,2
6,4,2,5,5,6,Research,4
6,6,8,7,1,9,Coding,3
5,1,1,9,2,8,Management,5
1,6,9,5,4,8,Design,1
3,6,1,2,1,3,Research,3
1,1,1,2,1,4,Design,1
2,5,7,1,2,4,Design,1
5,7,4,3,0,10,Management,1
3,7,1,6,4,4,Design,1
9,3,10,1,1,9,Design,1
7,1,9,5,0,6,Research,2
4,8,4,4,0,6,Research,4
7,6,7,3,5,9,Coding,5
6,2,8,10,3,9,Coding,5
5,2,8,7,3,8,Design,1
10,10,7,1,3,8,Design,1
4,8,5,9,4,10,Design,1
1,3,2,9,3,4,Coding,5
4,10,10,1,1,6,Management,4
2,10,7,10,2,4,Design,1
9,10,1,10,1,6,Management,4
5,3,4,9,5,6,Coding,5
4,7,3,3,2,7,Coding,1
1,10,9,5,2,3,Research,2
10,9,6,7,4,9,Management,4
2,1,1,5,3,8,Research,4
2,7,6,3,3,7,Research,0
3,9,10,3,0,10,Management,4
9,6,7,5,4,9,Design,1
8,10,3,2,5,3,Management,3
2,7,1,8,1,9,Research,5
6,4,9,7,4,6,Management,2
8,3,6,6,3,8,Coding,0
10,3,2,9,1,9,Design,1
3,4,1,3,5,10,Design,1
3,2,8,5,1,8,Research,2
10,9,7,7,3,9,Research,2
6,1,7,4,0,10,Management,5
2,5,1,2,4,2,Management,3
10,1,2,10,3,5,Design,1
5,5,9,1,1,4,Research,2
4,9,3,4,5,3,Design,1
8,6,10,6,4,4,Coding,0
7,2,5,5,5,6,Research,3
10,8,4,3,3,1,Management,3
2,8,1,9,2,10,Coding,4
1,6,6,7,3,5,Management,4
5,2,7,2,3,9,Design,1
5,6,6,4,4,8,Coding,3
1,7,5,5,4,10,Design,1
7,9,3,4,4,1,Design,1
6,1,1,9,2,10,Design,1
3,1,6,7,3,8,Research,2
5,6,8,2,1,9,Coding,1
4,10,1,2,1,8,Coding,4
1,10,6,8,4,6,Coding,4
2,8,1,8,1,8,Research,4
7,10,6,10,0,10,Coding,4
3,10,1,4,4,1,Research,3
4,2,8,3,4,5,Research,2
3,4,9,1,5,7,Research,2
6,7,5,10,1,7,Coding,5
9,4,9,6,1,1,Design,1
1,7,8,9,0,2,Management,3
1,2,9,8,4,4,Research,2
10,1,6,4,1,8,Management,0
1,6,2,6,5,5,Research,0
7,5,9,3,2,6,Design,1
9,2,8,3,5,5,Design,1
8,9,10,9,2,2,Coding,0
5,9,1,7,4,1,Design,1
7,10,6,7,2,2,Research,3
3,1,6,6,5,1,Coding,3
3,4,4,3,0,7,Coding,0
5,7,4,4,3,2,Research,3
4,9,9,10,1,7,Design,1
3,9,2,7,4,4,Design,1
1,4,1,5,0,2,Research,3
4,10,5,4,1,6,Coding,4
2,9,5,9,4,7,Design,1
2,1,1,7,2,3,Design,1
4,1,10,1,4,4,Research,2
4,9,5,2,5,1,Research,3
3,8,1,3,3,2,Research,3
6,9,1,6,4,9,Design,1
2,3,8,9,5,4,Research,2
8,7,7,1,2,7,Management,4
8,5,6,1,1,9,Coding,0
3,9,6,5,1,8,Coding,4
2,2,1,8,4,8,Coding,5
8,3,9,9,4,3,Management,3
2,3,9,8,2,7,Design,1
3,7,1,3,0,7,Coding,2
6,1,4,10,4,1,Design,1
4,9,2,7,3,5,Research,4
10,6,1,5,1,8,Management,5
6,8,8,7,1,6,2,10,Design,6,6,3,6,2,7,Design,1
4,8,3,2,0,7,Design,1
1,5,2,7,3,7,Management,0
5,9,10,1,2,10,Coding,4
9,10,2,7,5,3,Research,3
4,3,10,2,5,7,Coding,2
3,10,6,2,0,8,Research,4
6,5,4,9,5,10,Management,5
1,10,10,2,1,3,Design,1
6,5,1,5,2,5,Management,5
6,6,4,1,2,5,Research,0
2,2,4,1,2,10,Research,2
3,6,2,6,2,6,Management,5
2,9,7,9,0,10,Research,2
2,2,2,7,0,2,Design,1
9,3,2,7,5,4,Coding,0
2,9,3,10,2,6,Management,4
3,3,1,4,4,7,Design,1
9,5,3,8,1,7,Management,5
10,8,7,9,0,2,Management,3
7,1,4,2,5,3,Design,1
3,1,3,3,0,10,Coding,2
7,7,3,10,2,6,Coding,5
2,1,3,2,3,8,Management,4
9,9,7,8,1,4,Management,4
9,6,4,9,1,2,Research,3
8,7,9,2,0,5,Design,1
7,9,3,7,0,7,Management,4
2,4,10,4,1,9,Design,1
8,6,8,10,2,5,Coding,0
5,2,1,9,2,9,Management,5
2,7,5,3,3,2,Management,3
10,6,6,6,4,1,Coding,0
7,2,5,10,3,2,Management,3
7,1,7,1,3,10,Research,2
2,5,7,2,5,10,Management,4
1,4,9,5,5,5,Coding,4
7,2,2,1,0,2,Coding,3
1,4,10,2,1,5,Design,1
1,5,3,9,4,3,Management,3
2,6,2,7,2,7,Management,0
1,5,6,9,4,7,Design,1
8,3,9,2,5,10,Management,3
2,5,6,9,1,1,Design,1
4,6,5,10,1,9,Management,5
9,7,9,7,5,3,Management,3
9,9,9,2,4,9,Management,4
7,5,3,7,5,10,Coding,5
10,10,8,7,5,9,Coding,0
3,8,1,5,4,5,Coding,4
5,7,5,7,4,6,Design,1
5,8,6,6,3,1,Management,3
8,7,1,7,0,1,Research,3
3,4,9,9,5,2,Management,3
5,7,8,7,1,1,Coding,3
2,4,3,1,0,5,Design,1
8,6,2,5,0,3,Research,3
8,2,4,8,5,9,Coding,0
9,5,9,9,1,9,Research,2
9,1,1,2,0,8,Design,1
6,3,7,9,1,7,Research,2
3,3,6,7,1,3,Design,1
2,5,1,10,0,8,Research,5
1,7,1,8,0,5,Design,1
7,7,1,10,0,6,Research,5
5,9,10,9,3,3,Research,2
5,4,5,5,4,4,Design,1
3,3,6,8,4,4,Coding,5
8,4,9,9,1,4,Research,2
5,2,1,10,1,10,Research,5
8,9,4,2,0,10,Research,4
9,4,9,1,4,6,Management,4
10,6,6,5,2,9,Design,1
4,5,10,9,1,10,Management,5
7,5,3,3,4,4,Design,1
8,1,2,9,5,9,Coding,0
7,5,1,6,2,1,Management,3
9,3,8,9,1,1,Coding,0
3,1,9,4,4,6,Design,1
1,2,4,3,3,7,Research,0
9,2,9,5,0,1,Management,3
8,7,2,2,0,1,Design,1
8,7,10,7,5,7,Management,0
1,9,2,7,4,6,Research,4
9,8,5,5,4,4,Management,4
6,3,5,6,2,5,Coding,5
5,3,6,5,1,2,Research,3
6,5,9,10,2,10,Management,5
1,10,5,9,4,4,Management,4
10,8,4,8,3,5,Research,4
1,4,4,3,5,8,Research,0
6,5,2,8,5,9,Research,5
2,10,5,2,2,4,Coding,4
9,7,7,1,3,9,Coding,0
2,7,4,8,2,8,Management,5
5,2,10,5,1,10,Design,1
10,1,2,7,3,7,Design,1
6,6,9,4,5,4,Management,5
7,5,8,1,2,6,Management,2
2,2,1,5,1,10,Research,5
5,10,1,7,3,8,Research,4
1,10,9,7,4,4,Design,1
8,6,7,7,1,5,Design,1
7,10,10,4,3,4,Management,4
10,3,2,6,4,10,Research,0
6,3,1,5,4,10,Management,3
9,6,2,9,0,3,Coding,0
9,8,1,9,3,4,Coding,0
2,8,8,1,3,5,Design,1
6,3,8,4,2,4,Research,2
6,7,10,5,2,9,Management,0
8,8,9,8,2,2,Management,3
7,2,6,10,2,5,Management,5
3,3,4,3,1,9,Design,1
7,5,10,3,3,3,Research,2
7,3,10,7,5,1,Research,2
5,5,7,3,0,9,Management,4
10,4,5,1,5,7,Coding,0
2,3,5,10,0,8,Design,1
9,2,4,8,3,1,Research,3
5,10,7,2,2,2,Management,3
6,1,6,8,2,5,Design,1
10,3,2,6,4,8,Coding,0
2,10,1,1,2,4,Research,4
2,7,5,9,1,1,Design,1
2,10,1,10,3,8,Coding,4
6,7,8,3,3,3,Management,3
4,6,7,8,1,4,Research,2
10,4,4,1,5,7,Design,1
2,8,5,6,0,5,Coding,4
1,1,10,8,5,5,Management,5
4,6,1,3,1,10,Design,1
5,6,2,3,0,4,Design,1
9,8,5,5,1,2,Coding,0
3,2,10,5,2,8,Coding,0
6,6,7,2,1,1,Coding,3
8,4,8,9,3,7,Management,5
6,4,3,3,2,1,Coding,3
4,10,8,3,5,4,Coding,4
5,7,4,7,3,5,Management,5
3,3,9,4,1,3,Design,1
3,8,7,3,5,8,Coding,4
3,10,6,1,3,9,Design,1
8,1,9,1,3,2,Research,2
4,3,6,8,1,10,Management,5
2,2,5,8,0,9,Coding,5
8,5,6,8,4,7,Management,5
10,4,10,3,2,10,Coding,0
2,7,3,5,5,9,Coding,1
2,4,9,5,3,8,Management,0
4,2,10,1,4,2,Research,2
9,1,6,3,4,2,Design,1
6,9,3,9,2,5,Research,4
4,8,3,4,0,7,Design,1
1,2,1,1,3,1,Coding,3
6,2,3,1,3,3,Research,3
4,5,2,4,3,6,Design,1
9,8,4,1,3,8,Coding,0
7,9,7,8,1,6,Coding,4
8,2,3,9,2,6,Coding,0
2,9,4,8,3,1,Design,1
5,7,10,7,2,9,Design,1
6,10,9,4,3,5,Management,4
8,9,5,4,5,10,Design,1
9,9,10,5,0,4,Management,4
4,2,2,6,1,5,Management,4
2,2,7,1,2,3,Design,1
4,9,3,7,1,6,Coding,4
2,5,8,10,5,1,Coding,3
9,2,7,8,0,5,Research,2
5,5,2,2,2,2,Coding,3
10,10,6,6,0,8,Design,1
9,4,6,6,4,7,Design,1
2,1,1,9,5,1,Research,3
5,8,6,7,2,8,Coding,4
10,8,5,3,1,10,Management,4
5,3,7,5,4,5,Coding,3
5,9,10,9,1,3,Management,3
4,7,8,2,5,6,Research,2
4,1,8,10,4,2,Coding,3
8,1,3,6,3,5,Research,2
10,2,5,5,4,6,Design,1
9,4,8,6,3,2,Management,3
10,2,1,1,4,7,Management,5
4,5,4,2,4,10,Coding,0
6,10,3,4,2,9,Coding,4
1,1,3,1,5,9,Coding,5
10,9,6,2,4,3,Research,3
6,8,2,10,4,9,Research,4
5,10,9,6,0,5,Design,1
8,2,1,5,0,6,Design,1
9,2,5,2,5,8,Research,1
3,10,9,9,5,3,Management,3
7,9,1,8,0,3,Design,1
8,9,10,6,0,3,Research,2
6,3,7,7,4,8,Management,5
1,7,3,2,0,9,Coding,1
5,4,10,7,0,9,Coding,2
5,6,5,10,3,8,Management,5
9,5,9,7,2,2,Research,2
7,1,6,6,1,8,Design,1
3,8,9,7,2,6,Coding,4
9,8,1,2,3,8,Design,1
7,2,1,4,1,4,Research,2
4,3,10,1,5,7,Research,2
1,7,6,4,1,2,Research,3
5,1,5,5,5,1,Design,1
7,2,2,3,2,5,Design,1
7,1,3,10,5,6,Research,5
5,6,5,4,0,9,Coding,4
3,1,5,3,5,4,Management,4
9,6,6,1,4,9,Design,1
7,4,9,9,0,2,Research,2
6,5,1,6,4,10,Research,4
3,1,5,2,0,2,Coding,3
10,8,1,5,5,9,Coding,0
5,2,3,1,3,3,Management,3
4,3,6,3,0,8,Coding,5
5,5,8,3,1,10,Management,1
9,9,10,5,0,4,Research,2
9,10,2,2,1,2,Coding,0
6,8,6,3,1,4,Coding,4
7,3,8,10,0,6,Coding,5
10,5,6,2,4,7,Design,1
9,5,6,2,5,9,Design,1
2,7,8,8,4,3,Design,1
8,6,5,1,5,5,Management,0
4,1,8,8,4,5,Research,2
6,3,6,9,1,7,Management,5
6,8,5,7,5,5,Management,4
5,1,10,4,4,4,Coding,4
3,7,2,9,2,4,Management,5
7,8,7,4,4,9,Coding,4
3,1,7,8,4,1,Management,3
2,10,6,5,4,8,Management,4
10,2,10,1,5,10,Coding,0
5,10,8,3,5,4,Research,2
5,7,2,4,5,6,Coding,2
1,5,10,8,1,6,Management,5
10,2,3,3,3,2,Management,3
3,8,2,2,1,8,Design,1
8,1,5,6,2,9,Research,3
3,8,4,9,1,1,Coding,3
4,6,2,5,0,5,Research,5
10,7,10,1,5,1,Design,1
10,3,6,5,4,3,Coding,0
3,8,5,10,3,2,Design,1
3,6,8,10,1,4,Coding,5
4,2,4,10,3,1,Research,3
1,1,3,9,0,6,Management,5
7,5,10,2,2,2,Research,2
5,9,5,1,1,5,Management,4
6,9,9,6,1,2,Design,1
10,7,2,6,0,6,Management,5
2,9,3,1,5,5,Coding,4
1,2,5,4,2,5,Management,3
8,9,10,10,3,10,Coding,0
3,3,6,2,0,2,Research,3
5,9,1,5,0,3,Design,1
9,2,9,1,4,5,Coding,0
2,10,1,8,5,10,Management,4
2,4,5,3,1,3,Coding,3
8,9,3,5,0,2,Design,1
10,1,8,1,0,7,Research,2
6,7,7,6,4,9,Design,1
8,7,7,5,2,1,Research,2
4,4,8,10,3,7,Design,1
8,8,7,10,5,1,Management,3
2,6,6,7,2,4,Coding,5
3,3,2,2,1,8,Design,1
4,5,4,4,3,8,Management,1
1,1,9,9,3,2,Coding,3
6,10,10,10,4,3,Design,1
5,3,2,6,4,5,Design,1
1,3,3,9,0,7,Design,1
3,1,3,9,1,2,Research,3
9,7,7,8,1,8,Design,1
1,9,2,10,5,9,Management,4
6,8,8,2,5,2,Management,3
4,1,9,3,4,8,Design,1
4,2,2,2,5,2,Design,1
7,5,10,10,3,4,Research,2
1,9,3,4,1,9,Management,4
4,8,8,10,1,5,Coding,4
6,2,6,6,5,9,Design,1
2,5,5,7,0,3,Research,3
10,6,8,10,1,2,Coding,0
7,5,4,5,3,5,Coding,1
1,3,9,7,4,4,Design,1
9,1,9,8,2,3,Coding,0
10,5,4,3,1,5,Management,0
10,4,1,9,1,5,Design,1
6,10,8,5,4,9,Management,4
1,1,2,6,5,7,Management,4
2,10,4,8,4,4,Design,1
3,6,8,7,4,8,Research,2
10,2,4,10,1,4,Management,5
4,2,10,1,4,6,Research,2
2,10,1,1,1,1,Management,3
3,6,7,3,3,3,Research,2
6,3,9,8,2,2,Management,3
6,10,3,5,2,9,Design,1
1,4,5,10,3,8,Design,1
10,1,5,2,0,3,Coding,0
5,4,4,2,3,8,Management,3
4,5,9,1,1,8,Coding,0
6,4,9,6,2,8,Research,2
3,6,4,1,2,2,Coding,3
2,7,9,2,0,8,Research,2
7,8,3,9,2,3,Design,1
3,2,2,5,2,7,Management,4
9,8,8,1,3,5,Design,1
10,8,6,8,1,1,Management,3
5,4,7,2,1,6,Research,2
10,8,9,8,0,7,Coding,0
2,5,3,5,3,7,Research,0
7,9,1,9,1,7,Research,4
10,4,8,3,1,6,Management,3
4,8,7,8,5,4,Research,2
9,1,10,4,5,4,Design,1
7,4,1,9,3,7,Management,5
1,6,9,10,5,10,Design,1
7,2,2,10,2,3,Coding,3
6,10,2,7,1,1,Design,1
9,4,10,6,3,4,Management,1
3,3,7,8,1,2,Design,1
4,8,2,10,5,5,Coding,4
2,1,3,5,2,2,Coding,3
6,6,3,9,3,5,Management,5
4,10,10,10,4,10,Design,1
3,4,6,5,5,9,Coding,0
10,4,4,5,4,10,Coding,0
8,2,9,6,2,7,Design,1
9,7,8,8,1,8,Management,5
3,6,6,7,3,8,Design,1
1,1,10,3,1,2,Research,2
5,2,6,4,0,10,Research,4
2,3,5,4,0,2,Management,3
3,4,6,5,2,7,Design,1
4,6,10,5,5,1,Management,3
6,4,4,2,59,7,1,1,5,1,Man5,2,4,2,2,7,Management,2
2,4,4,8,3,1,Coding,3
3,5,5,5,0,4,Coding,1
3,3,2,9,2,8,Management,5
1,7,10,3,4,7,Research,2
7,9,2,1,1,1,Research,3
1,9,1,8,0,8,Design,1
1,9,7,7,4,6,Coding,4
3,3,8,3,0,1,Management,3
6,10,2,1,2,7,Design,1
4,10,7,9,4,8,Design,1
8,5,7,6,1,8,Management,2
4,5,2,1,4,9,Research,1
10,9,3,8,1,5,Coding,0
9,10,7,4,3,10,Research,2
10,9,3,9,3,2,Coding,0
8,8,2,4,4,9,Management,4
10,6,6,9,4,6,Design,1
9,7,2,10,1,3,Coding,0
7,5,2,5,4,6,Research,4
8,4,6,8,1,9,Design,1
10,2,3,6,1,1,Coding,0
8,7,3,8,2,6,Research,5
3,3,1,2,0,8,Management,3
2,8,7,2,5,1,Design,1
9,6,2,3,0,5,Research,4
5,9,10,3,4,7,Management,4
6,3,3,10,5,2,Research,3
10,6,9,7,4,10,Coding,0
8,6,1,2,1,3,Management,3
1,1,9,7,2,6,Management,5
10,10,7,8,4,3,Design,1
6,7,3,6,5,9,Design,1
2,10,1,10,3,2,Management,3
10,1,10,10,3,10,Management,5
8,3,10,10,3,5,Research,2
7,5,9,8,4,4,Management,5
9,10,1,4,4,7,Research,4
10,6,1,6,4,5,Design,1
8,6,5,1,4,8,Management,2
1,9,7,9,4,9,Management,4
7,2,9,1,0,3,Coding,3
3,8,10,1,0,1,Management,3
9,2,4,1,4,8,Coding,0
4,9,10,5,0,3,Management,3
8,9,2,2,4,4,Coding,0
5,4,7,8,0,4,Research,2
2,5,2,5,3,10,Coding,4
1,1,1,4,3,2,Management,3
5,8,3,4,2,1,Design,1
6,1,9,10,4,5,Research,2
9,4,9,3,1,9,Research,2
8,2,5,10,0,2,Coding,0
5,9,3,10,3,6,Research,4
4,4,7,9,0,2,Coding,3
4,4,9,10,0,3,Design,1
1,2,7,8,2,8,Coding,5
7,10,5,2,2,4,Coding,4
2,7,5,10,1,8,Management,5
6,2,4,3,0,4,Research,3
8,5,3,7,5,2,Design,1
5,3,1,3,2,5,Research,3
10,1,9,3,4,9,Design,1
2,9,9,4,0,6,Research,2
8,3,5,1,4,4,Management,5
2,9,2,4,2,6,Design,1
5,10,6,2,2,3,Management,3
5,10,3,10,5,7,Research,4
3,7,6,6,0,9,Design,1
9,1,10,1,3,9,Coding,0
8,1,10,1,0,8,Research,2
9,9,8,6,0,1,Management,3
10,7,6,5,5,2,Research,3
7,6,5,5,4,3,Management,3
3,2,1,7,3,8,Management,5
9,1,8,4,1,8,Management,5
1,2,9,6,3,3,Management,3
9,9,9,8,4,2,Management,3
8,10,5,9,3,10,Coding,0
6,1,8,3,1,1,Research,2
4,6,7,5,3,4,Design,1
10,6,6,10,4,7,Design,1
8,8,8,10,5,10,Management,4
1,4,7,7,1,4,Management,1
7,1,10,6,4,3,Design,1
7,5,5,4,3,2,Research,3
10,8,8,5,5,3,Research,2
9,10,5,6,1,3,Research,3
3,2,8,9,5,4,Coding,5
7,3,10,4,0,7,Research,2
5,7,8,1,3,2,Research,2
3,6,3,2,5,6,Coding,3
6,5,3,4,5,6,Management,4
8,3,4,1,1,10,Coding,0
9,4,4,4,1,2,Research,3
4,7,5,7,1,5,Design,1
6,8,5,10,4,8,Management,4
2,4,8,6,5,10,Design,1
6,8,6,6,1,5,Research,4
8,1,1,6,2,4,Management,1
2,4,9,3,3,9,Design,1
3,4,3,3,0,1,Coding,3
9,8,3,10,1,6,Management,4
6,6,5,5,1,4,Management,4
1,2,7,9,5,6,Management,5
7,9,9,10,5,5,Research,2
8,6,4,8,0,1,Design,1
1,1,6,3,0,9,Management,3
4,2,7,2,2,10,Coding,2
9,8,4,2,5,9,Management,4
4,2,6,2,1,9,Research,5
1,6,7,5,3,9,Coding,0
5,10,3,3,4,1,Coding,3
3,3,5,1,3,4,Coding,2
5,2,10,1,5,3,Management,3
9,3,10,5,1,9,Design,1
5,1,5,4,5,8,Design,1
5,1,8,9,3,7,Coding,5
5,4,10,9,1,7,Research,2
4,9,2,2,3,1,Design,1
2,8,6,3,3,10,Coding,4
3,8,9,1,0,1,Coding,3
1,6,7,5,0,8,Coding,1
3,5,1,3,5,8,Research,2
2,9,8,8,4,8,Design,1
3,1,3,10,3,4,Design,1
10,5,4,3,3,6,Design,1
6,1,4,8,1,9,Management,5
8,2,7,4,1,1,Research,2
3,2,4,4,0,2,Coding,3
9,6,4,4,1,7,Design,1
10,7,4,2,0,4,Coding,0
9,4,7,6,5,4,Research,2
2,4,9,6,4,3,Design,1
4,10,6,7,1,2,Design,1
8,5,8,3,3,6,Coding,0
7,10,9,7,1,4,Coding,4
7,4,4,9,2,5,Coding,5
6,10,1,2,5,6,Management,4
9,3,7,10,4,9,Coding,0
4,8,1,4,5,1,Research,3
8,8,1,3,5,8,Coding,0
8,8,5,8,1,8,Management,4
8,1,1,7,5,2,Research,3
4,3,9,9,0,2,Coding,3
6,4,4,1,3,9,Coding,1
6,7,6,10,1,1,Design,1
3,3,6,1,3,10,Research,1
9,6,6,7,1,2,Coding,0
5,7,4,8,0,4,Design,1
1,2,8,1,0,4,Design,1
9,10,9,4,2,7,Management,4
4,9,6,6,5,8,Design,1
6,8,3,10,4,1,Research,3
5,9,8,9,0,2,Coding,3
4,8,5,6,3,4,Coding,4
6,8,2,7,5,6,Research,4
7,4,3,8,3,8,Coding,5
2,10,7,4,0,2,Coding,3
10,7,8,5,2,2,Design,1
2,2,4,9,0,7,Coding,5
4,1,5,3,3,7,Design,1
7,7,3,2,5,4,Coding,3
6,5,3,3,0,2,Design,1
6,6,10,8,3,3,Coding,3
5,6,5,1,0,4,Management,1
5,9,2,4,3,8,Design,1
7,8,5,7,3,6,Research,4
5,10,7,4,3,10,Coding,4
4,10,5,2,0,9,Design,1
7,3,8,8,4,10,Design,1
8,7,9,3,0,5,Coding,0
1,7,7,3,0,1,Design,1
1,7,3,4,4,9,Coding,2
1,4,3,4,1,6,Design,1
7,8,2,1,3,3,Design,1
7,2,1,9,1,8,Research,5
5,10,9,4,3,7,Design,1
7,9,3,6,0,6,Management,4
9,8,4,2,0,7,Management,4
3,10,1,2,5,5,Research,4
9,5,8,1,3,10,Research,2
7,6,6,1,5,4,Management,5
1,6,6,7,4,3,Coding,3
4,7,4,9,1,4,Design,1
10,2,7,7,5,10,Management,2
5,9,9,3,5,7,Research,2
10,5,2,5,1,5,Design,1
2,4,10,2,3,4,Design,1
9,10,1,8,4,5,Research,4
7,9,10,2,2,6,Management,4
2,1,8,10,0,7,Research,2
6,10,8,2,5,9,Coding,4
1,5,3,6,2,6,Research,1
2,3,2,6,3,9,Management,0
9,7,10,2,1,3,Research,2
6,4,3,2,5,8,Management,2
8,7,3,9,4,7,Research,5
10,5,3,4,2,1,Research,3
1,3,5,1,2,5,Design,1
2,4,3,2,0,7,Coding,4
9,3,10,6,0,7,Coding,0
3,1,5,2,5,8,Design,1
5,9,2,7,0,8,Research,4
10,10,3,4,4,10,Management,4
5,7,2,3,1,9,Management,4
4,8,1,9,5,1,Coding,3
3,3,7,6,1,9,Management,3
9,4,9,8,3,2,Coding,0
10,5,4,9,4,4,Design,1
4,1,7,10,3,4,Design,1
2,1,5,4,4,5,Management,2
9,10,9,2,5,3,Research,2
8,8,4,2,1,9,Design,1
4,9,9,3,0,9,Design,1
10,7,10,10,1,7,Research,2
8,8,6,10,1,6,Management,4
7,2,10,2,0,6,Research,2
5,7,1,2,5,8,Coding,0
5,3,5,8,1,7,Management,5
2,2,1,10,0,3,Management,3
10,9,6,6,1,9,Coding,0
8,3,1,4,5,2,Design,1
10,9,10,7,3,1,Management,3
1,7,8,6,1,6,Management,3
5,2,9,5,1,7,Research,2
3,7,10,3,0,1,Management,3
7,7,1,2,4,2,Research,3
7,6,9,6,1,2,Research,2
6,10,8,3,4,6,Research,2
2,7,4,1,2,6,Management,5
5,1,5,9,2,9,Management,5
2,3,9,6,2,9,Design,1
10,3,10,5,4,5,Management,1
5,9,2,5,4,2,Coding,3
4,3,8,3,2,5,Management,4
8,8,4,1,4,6,Management,4
3,7,5,2,4,2,Design,1
5,9,6,9,2,8,Management,4
9,10,2,5,1,10,Management,4
9,5,9,4,5,10,Coding,0
7,9,4,2,0,10,Design,1
6,7,2,2,3,5,Coding,3
3,5,5,3,4,2,Management,3
5,2,1,7,1,9,Design,1
1,1,10,2,1,1,Management,3
6,6,8,1,5,8,Research,2
6,9,3,1,2,1,Research,3
1,9,9,3,2,8,Coding,4
2,1,3,5,4,2,Management,3
6,10,9,9,5,9,Management,4
4,6,1,2,3,6,Management,1
7,8,6,3,5,7,Management,4
1,5,1,4,5,9,Design,1
5,1,4,1,3,8,Design,1
7,3,9,4,2,4,Coding,0
3,6,10,1,1,10,Research,2
4,10,3,2,2,8,Coding,4
9,2,6,2,5,4,Design,1
10,2,10,3,3,4,Management,4
6,4,7,5,0,4,Coding,0
3,5,9,4,0,1,Management,3
4,3,7,5,2,2,Management,3
2,6,5,7,1,3,Management,3
6,6,3,5,2,2,Design,1
8,5,1,2,4,10,Coding,0
2,5,7,5,0,4,Management,1
5,7,3,1,5,3,Design,1
5,9,2,2,2,5,Design,1
10,9,10,9,4,3,Research,2
7,2,1,6,2,3,Coding,3
4,3,1,10,4,1,Design,1
1,8,9,1,0,7,Coding,4
6,10,1,7,2,4,Design,1
2,2,6,1,0,4,Research,1
6,6,6,5,1,4,Research,1
7,4,9,10,3,2,Design,1
7,6,6,8,5,1,Management,3
3,1,4,4,1,7,Management,2
7,6,8,5,2,1,Management,3
1,10,6,7,4,5,Research,4
9,9,7,2,4,2,Research,2
7,9,8,7,3,7,Coding,4
2,8,10,4,4,10,Coding,4
7,9,1,6,1,8,Management,4
3,1,10,7,0,2,Design,1
5,2,7,7,5,5,Research,2
9,7,10,9,5,6,Research,2
5,9,5,1,4,2,Management,3
10,10,7,2,5,2,Design,1
1,5,6,8,3,9,Research,5
4,2,4,10,2,5,Coding,5
10,6,6,9,2,7,Research,5
8,8,8,10,4,3,Design,1
10,4,10,6,2,3,Management,3
6,5,10,6,0,7,Management,0
1,8,3,3,3,2,Management,3
10,2,2,7,2,6,Research,4
6,8,2,1,5,4,Research,4
10,6,1,7,0,5,Design,1
7,6,2,8,5,9,Research,5
5,1,9,7,0,8,Coding,5
9,3,3,9,0,3,Management,3
7,7,8,5,4,4,Coding,0
7,5,7,3,1,4,Coding,5
1,6,9,7,1,2,Coding,3
4,3,8,5,4,9,Coding,5
1,10,8,9,2,5,Research,2
9,1,7,2,1,9,Design,1
3,1,2,7,5,3,Design,1
4,1,10,4,3,3,Coding,3
5,3,8,8,0,3,Research,2
9,7,6,7,0,6,Research,2
7,1,9,7,3,5,Coding,0
8,3,5,2,3,5,Coding,0
7,6,2,7,0,8,Management,1
2,6,2,8,4,3,Coding,3
8,10,7,9,3,4,Research,2
1,1,4,4,3,4,Coding,2
1,2,2,9,2,3,Research,3
7,8,10,10,1,10,Design,1
7,1,3,2,3,9,Coding,5
6,1,2,10,0,4,Management,5
3,6,5,8,5,5,Coding,5
7,4,2,5,0,9,Design,1
6,9,3,4,4,5,Coding,4
2,7,2,4,2,6,Management,1
6,5,2,2,1,10,Research,0
7,8,2,9,4,2,Coding,3
5,1,5,3,2,10,Coding,0
10,8,2,6,0,5,Coding,0
4,9,7,8,4,6,Management,4
2,2,8,8,5,6,Coding,5
6,4,1,3,1,6,Research,2
6,4,2,3,1,6,Research,5
2,1,3,7,4,8,Management,0
7,9,9,5,4,3,Research,2
1,10,6,6,3,8,Design,1
1,9,5,6,2,8,Management,4
3,3,10,2,2,4,Research,2
9,10,6,9,4,3,Design,1
2,2,5,6,3,4,Research,4
8,4,5,9,5,4,Management,5
2,7,2,4,0,5,Coding,0
8,3,9,9,3,2,Coding,0
10,1,9,6,3,8,Coding,0
9,2,7,8,5,9,Design,1
3,10,2,6,5,2,Design,1
6,10,3,7,0,10,Coding,4
4,8,4,1,1,10,Research,4
2,10,8,5,1,6,Management,4
9,5,2,7,1,10,Design,1
8,8,4,6,4,7,Management,4
8,2,8,4,1,5,Research,2
8,8,3,4,2,4,Management,4
3,2,7,10,5,5,Design,1
5,3,8,2,5,5,Design,1
10,7,6,7,5,8,Design,1
2,5,3,1,0,6,Management,0
6,8,10,8,1,7,Research,2
8,5,2,3,1,6,Management,4
6,1,1,4,3,10,Research,2
8,1,3,4,3,3,Design,1
2,1,2,7,5,7,Design,1
3,6,2,1,1,4,Coding,0
5,2,5,4,1,10,Management,5
6,7,1,2,0,8,Coding,2
1,9,9,10,3,6,Design,1
5,10,6,4,1,2,Coding,3
6,9,3,9,3,4,Coding,4
2,1,10,2,0,8,Coding,1
4,8,8,6,2,3,Management,3
3,10,6,7,4,7,Research,4
2,1,8,8,1,5,Coding,5
6,1,10,5,1,8,Management,5
4,2,7,1,1,1,Management,3
2,7,5,3,1,4,Research,4
10,7,5,2,0,10,Research,1
6,9,5,10,5,1,Research,3
4,3,1,6,1,6,Research,1
3,9,4,7,0,2,Management,3
8,8,9,6,2,10,Coding,0
3,6,9,10,1,6,Research,2
10,3,2,7,1,9,Design,1
5,6,3,5,3,9,Coding,1
8,9,10,3,4,1,Management,3
8,8,6,9,5,8,Coding,0
10,6,10,4,1,3,Research,2
4,7,2,6,2,8,Research,5
1,3,7,1,5,5,Coding,0
9,10,7,4,1,10,Coding,0
5,3,10,3,1,3,Management,3
8,5,3,1,5,8,Design,1
5,9,1,1,0,5,Management,4
6,7,4,6,3,6,Management,2
5,5,6,7,4,4,Design,1
4,9,5,4,0,2,Management,3
7,4,6,9,0,3,Design,1
8,7,6,10,2,8,Design,1
3,6,10,6,1,4,Management,2
5,7,5,1,2,3,Design,1
6,3,6,3,4,8,Research,2
7,3,6,5,2,8,Coding,2
3,5,4,8,0,9,Management,5
5,4,2,2,2,7,Design,1
9,6,8,1,3,8,Coding,0
10,7,8,9,4,3,Management,3
4,6,10,7,4,8,Management,2
7,8,7,5,1,10,Research,2
6,9,5,10,3,1,Management,3
3,1,7,6,2,7,Coding,3
5,7,1,1,1,6,Design,1
7,3,2,9,0,3,Management,3
1,5,4,4,1,2,Research,3
10,2,1,10,2,7,Research,5
6,6,8,2,4,3,Design,1
6,10,10,8,2,6,Research,2
8,2,2,9,4,8,Management,5
8,10,5,3,0,1,Research,3
9,1,5,9,0,3,Coding,0
9,7,1,5,4,8,Management,5
8,5,4,2,0,10,Management,4
4,5,3,10,2,7,Coding,5
6,3,10,8,2,4,Design,1
4,3,6,7,2,10,Coding,4
4,2,2,7,1,3,Management,3
6,3,6,10,4,4,Research,5
7,8,3,3,1,9,Design,1
2,7,3,10,2,8,Research,5
10,3,5,8,4,4,Design,1
7,9,4,9,4,7,Research,4
4,6,8,4,1,2,Management,3
9,7,8,1,1,6,Coding,0
6,7,7,7,0,4,Coding,5
10,1,5,2,1,4,Design,1
9,1,1,6,3,1,Coding,0
8,9,10,6,2,5,Coding,0
7,1,5,5,3,9,Research,1
10,9,3,2,2,10,Coding,0
9,1,6,9,1,5,Coding,0
8,8,6,9,4,10,Design,1
9,5,4,3,3,6,Coding,0
6,8,6,6,2,5,Coding,4
3,8,5,4,4,1,Coding,3
6,1,7,5,1,1,Design,1
9,3,7,8,1,2,Research,2
7,7,7,2,5,6,Management,2
2,7,2,8,3,2,Management,3
4,10,10,1,5,9,Design,1
9,2,10,1,0,3,Research,2
8,2,1,7,2,7,Research,2
1,7,10,2,5,2,Design,1
1,6,2,8,3,10,Management,5
4,5,7,5,3,9,Management,0
2,4,5,8,1,7,Coding,5
7,1,10,9,5,7,Design,1
8,2,5,5,5,6,Research,3
8,10,8,9,1,6,Coding,0
2,4,5,8,3,9,Management,5
9,4,1,6,1,3,Coding,0
6,4,10,5,3,2,Management,3
3,2,2,3,1,3,Research,3
7,7,10,9,4,7,Coding,5
6,8,3,6,0,1,Management,3
1,10,1,9,4,1,Design,1
10,2,3,10,0,10,Management,5
6,1,3,2,5,2,Management,3
10,10,6,2,2,6,Design,1
3,10,7,9,4,7,Design,1
6,1,8,3,1,10,Research,2
2,2,10,1,0,8,Research,2
4,9,3,5,5,7,Research,4
6,6,3,6,1,8,Management,5
10,2,10,5,5,7,Research,2
3,7,6,10,2,8,Coding,5
9,7,6,3,0,5,Coding,0
5,3,6,3,4,3,Design,1
1,10,1,7,2,5,Design,1
2,1,8,9,3,8,Design,1
5,1,8,7,3,2,Coding,3
9,4,9,8,0,8,Coding,0
9,4,9,7,5,6,Management,0
8,5,8,8,1,4,Design,1
1,4,5,2,5,6,Management,2
3,10,8,3,4,8,Design,1
2,8,4,9,2,7,Design,1
9,3,10,3,0,7,Design,1
4,7,5,9,5,10,Management,5
6,5,9,8,2,4,Research,2
4,2,8,7,2,3,Coding,3
9,2,7,3,2,4,Design,1
8,3,10,7,1,8,Research,2
5,2,5,10,0,7,Design,1
5,7,1,2,1,8,Coding,4
7,1,1,10,1,5,Coding,5
8,4,1,1,5,3,Management,3
8,7,3,9,1,7,Research,5
2,4,10,2,4,1,Coding,3
3,5,4,7,1,9,Management,5
9,8,8,2,3,9,Coding,0
9,10,4,9,0,2,Management,3
7,9,1,10,2,4,Coding,4
4,8,8,9,5,1,Coding,3
3,6,8,4,0,5,Coding,2
8,7,3,10,4,5,Management,5
7,9,6,3,4,2,Design,1
5,1,2,6,2,8,Research,2
7,3,7,3,1,8,Design,1
2,5,8,8,3,5,Research,2
7,5,8,3,0,7,Design,1
4,3,6,3,2,6,Design,1
10,2,8,8,0,10,Coding,0
9,2,10,9,4,9,Management,5
4,1,10,10,5,5,Coding,5
7,4,4,2,3,7,Design,1
3,7,1,3,4,3,Management,3
10,3,1,4,2,5,Research,5
3,1,1,2,4,6,Coding,3
3,6,5,5,0,2,Research,3
8,6,10,3,2,7,Management,1
2,1,1,3,0,3,Design,1
6,7,6,8,3,5,Research,5
9,7,1,3,3,4,Management,5
7,6,8,7,3,3,Research,2
1,9,8,10,1,8,Research,2
7,2,9,4,4,6,Management,4
3,8,8,5,0,10,Management,4
5,6,7,7,3,10,Management,3
4,4,8,10,4,6,Design,1
6,1,3,1,4,3,Coding,3
3,9,4,9,5,8,Management,4
1,3,7,7,0,7,Management,0
1,5,1,8,4,8,Coding,5
6,10,7,1,5,3,Management,3
5,1,9,2,0,6,Management,3
9,7,1,2,3,4,Management,0
4,6,9,2,1,4,Research,2
3,9,5,7,5,10,Research,4
7,6,9,3,0,6,Design,1
5,8,2,5,4,8,Management,4
3,6,1,10,0,10,Coding,5
1,5,3,5,5,5,Coding,1
6,8,5,4,0,10,Coding,4
10,10,3,2,3,5,Design,1
2,1,10,7,5,1,Management,3
5,6,1,9,1,8,Design,1
6,7,2,1,4,4,Research,1
9,8,8,1,1,4,Design,1
5,8,7,8,0,4,Design,1
8,7,4,4,5,6,Research,1
3,8,10,3,4,3,Management,3
6,10,8,8,4,1,Research,2
4,9,6,7,5,10,Coding,4
7,4,8,5,2,3,Management,3
2,6,2,2,4,7,Coding,3
1,3,4,8,5,10,Management,5
5,4,1,4,1,3,Research,3
10,9,8,9,1,5,Research,2
2,5,2,2,2,6,Research,0
2,3,5,7,5,3,Management,3
8,7,2,7,0,5,Design,1
1,8,10,7,3,8,Coding,4
8,8,10,7,2,5,Research,2
2,1,7,3,3,2,Coding,3
9,6,6,9,3,5,Management,5
4,5,6,10,2,8,Management,5
6,2,5,8,3,9,Management,5
2,4,9,6,2,6,Research,2
10,5,8,8,4,4,Research,2
6,6,8,7,2,10,Coding,5
4,9,5,2,0,6,Design,1
4,5,5,1,2,2,Research,3
5,7,5,5,2,5,Research,1
8,6,8,7,5,9,Coding,0
9,8,8,4,2,4,Management,4
7,4,4,3,4,2,Research,3
1,2,4,3,1,6,Management,5
5,2,2,1,5,8,Design,1
4,4,5,5,4,5,Coding,3
3,2,7,7,0,3,Research,2
8,9,3,1,2,2,Coding,0
5,2,5,4,1,5,Design,1
9,8,8,3,0,1,Research,2
8,1,4,1,1,4,Design,1
4,2,5,4,5,7,Management,5
10,7,4,8,0,6,Management,5
2,6,4,8,4,2,Management,3
6,8,5,8,2,1,Coding,3
1,9,10,10,4,3,Research,2
9,1,6,2,0,7,Coding,0
5,7,3,2,4,7,Research,5
2,2,6,3,3,2,Coding,3
7,1,8,9,4,8,Coding,5
3,2,4,9,2,5,Coding,5
6,4,6,5,4,6,Management,3
5,2,5,10,5,1,Design,1
1,7,1,6,3,7,Design,1
1,2,1,1,5,4,Coding,3
9,6,8,10,5,5,Design,1
10,3,1,8,3,8,Design,1
5,2,4,3,3,8,Coding,2
5,1,1,8,5,8,Design,1
3,9,3,5,4,6,Management,4
10,10,3,3,5,7,Design,1
1,5,2,6,4,8,Research,2
6,4,5,9,0,2,Management,3
9,4,9,8,5,7,Design,1
4,7,7,10,0,2,Management,3
10,3,7,2,0,6,Research,2
4,2,5,4,5,2,Management,3
3,6,3,5,2,7,Design,1
8,6,6,9,3,7,Coding,0
2,4,6,4,5,2,Management,3
4,5,5,2,3,2,Coding,3
4,7,5,10,4,7,Research,5
7,9,3,4,3,6,Management,4
5,3,8,2,0,5,Design,1
4,3,6,7,1,2,Management,3
9,6,2,4,4,4,Design,1
3,2,4,10,3,4,Coding,5
8,4,9,8,2,6,Design,1
9,4,5,3,2,6,Management,0
8,10,6,7,5,7,Management,4
9,1,7,10,3,2,Research,2
5,9,3,8,1,4,Research,4
5,10,5,6,0,8,Design,1
4,9,3,3,2,9,Coding,4
1,5,8,7,2,7,Management,4
8,10,3,6,4,1,Research,3
8,4,9,6,3,9,Management,1
3,3,2,9,2,6,Design,1
6,6,8,9,5,1,Research,2
8,8,6,6,5,3,Research,3
9,1,4,1,0,7,Coding,0
6,1,3,7,3,7,Research,1
10,1,4,5,1,1,Research,3
5,4,7,2,3,9,Design,1
4,1,1,4,5,6,Coding,5
1,6,7,4,0,10,Design,1
7,9,7,2,0,7,Management,4
10,7,3,9,5,4,Design,1
1,5,7,8,0,5,Research,2
4,5,9,9,1,6,Research,2
2,7,9,2,3,7,Research,2
8,10,7,5,1,3,Management,3
6,1,8,2,5,3,Coding,3
10,10,7,1,1,4,Coding,0
6,1,7,7,4,4,Research,2
6,3,4,1,3,5,Management,2
5,7,6,10,2,1,Management,3
2,9,2,7,5,9,Research,4
3,7,5,8,5,4,Coding,5
4,5,4,5,3,2,Management,3
5,5,1,7,2,10,Management,4
5,4,10,5,3,9,Coding,1
3,2,5,2,5,7,Management,0
2,7,1,5,3,7,Design,1
1,1,6,10,2,4,Research,5
2,10,7,10,4,5,Coding,4
2,2,10,5,4,6,Research,2
5,5,3,2,1,6,Management,1
6,5,6,8,3,10,Management,5
10,7,4,10,5,10,Coding,0
5,6,4,7,0,4,Research,3
2,2,8,1,2,4,Design,1
2,10,2,4,3,9,Management,4
8,7,9,5,0,6,Research,2
4,8,2,3,2,10,Management,4
9,8,4,2,5,2,Research,3
1,5,10,10,1,2,Management,3
10,5,10,10,5,8,Design,1
4,7,1,10,1,4,Coding,5
10,3,1,2,3,3,Management,3
2,4,1,5,2,10,Management,5
5,8,4,3,3,1,Coding,3
3,4,5,1,5,10,Management,2
10,5,1,3,0,1,Research,3
7,5,3,2,0,6,Design,1
9,7,1,7,1,9,Coding,0
4,8,7,6,0,5,Coding,4
10,4,2,9,3,6,Design,1
8,4,10,14,10,2,7,1,3,Res5,2,3,7,3,9,Research,4
4,10,5,4,4,6,Design,1
1,7,7,6,0,1,Design,1
5,8,9,3,0,10,Research,2
1,10,2,6,4,8,Research,4
1,4,4,6,1,8,Research,3
2,3,4,1,2,6,Management,4
9,6,6,1,0,4,Coding,0
9,1,8,2,0,5,Design,1
5,9,6,10,1,1,Coding,3
2,1,9,1,0,3,Management,3
9,8,5,3,2,1,Coding,0
9,1,8,8,4,6,Coding,0
4,3,2,8,1,7,Research,5
3,8,5,6,5,6,Coding,4
2,9,8,1,2,8,Management,4
8,2,9,1,3,4,Research,2
5,1,4,9,5,3,Design,1
4,8,9,5,5,6,Coding,4
4,1,9,3,0,7,Coding,4
1,2,10,8,0,8,Research,2
9,9,7,4,3,3,Coding,0
5,4,10,5,5,7,Design,1
3,4,4,10,1,2,Research,3
8,1,1,5,3,4,Research,1
9,5,10,8,3,3,Research,2
7,1,4,1,3,2,Management,3
7,4,2,10,3,8,Coding,5
3,7,8,5,5,9,Management,4
6,9,6,3,2,2,Design,1
4,6,10,4,3,7,Research,2
4,10,6,2,3,6,Coding,4
5,1,10,7,0,1,Research,2
10,10,6,10,2,9,Design,1
5,2,10,1,4,2,Coding,3
6,4,9,3,5,5,Management,5
3,4,8,7,4,8,Management,5
8,5,6,7,3,5,Management,3
4,10,7,1,0,10,Research,2
7,6,10,6,5,2,Design,1
9,5,10,1,2,8,Research,2
6,9,7,2,1,10,Management,4
3,7,3,10,1,3,Design,1
10,3,4,7,4,5,Coding,0
5,6,7,10,2,2,Research,2
8,10,5,6,0,3,Research,3
7,8,3,9,0,1,Coding,3
9,2,3,9,0,10,Management,5
8,8,3,8,0,8,Design,1
1,10,10,1,4,10,Design,1
10,10,10,8,4,1,Management,3
8,5,9,4,5,9,Management,5
10,9,1,2,4,5,Management,4
9,3,1,9,3,10,Management,5
2,9,4,7,5,7,Management,4
4,7,10,10,2,1,Management,3
6,3,5,7,2,5,Management,2
6,8,3,2,2,4,Research,4
9,4,6,10,3,5,Coding,0
2,4,10,5,1,4,Design,1
10,1,6,6,0,8,Design,1
9,10,2,6,0,10,Design,1
3,9,2,9,2,5,Research,4
1,7,1,7,5,3,Research,3
8,3,1,6,2,5,Coding,0
2,7,4,6,1,7,Research,4
4,4,7,5,2,3,Research,2
1,1,8,2,5,4,Design,1
2,6,8,7,2,4,Research,2
5,4,5,2,4,6,Coding,5
2,9,4,3,5,7,Coding,4
6,10,5,10,1,9,Management,4
6,10,2,3,4,8,Design,1
2,8,4,9,0,3,Design,1
1,2,6,1,4,1,Coding,3
4,10,9,1,1,2,Coding,3
6,9,1,4,3,3,Management,3
10,6,1,10,5,3,Management,3
9,6,1,2,0,5,Coding,0
9,8,2,1,3,2,Design,1
5,5,2,4,4,5,Research,3
2,5,5,6,4,4,Management,1
6,2,2,6,4,3,Design,1
8,7,9,8,2,3,Management,3
6,6,5,6,2,10,Management,0
3,2,1,5,2,7,Research,5
6,2,6,3,5,2,Management,3
5,5,9,2,1,1,Management,3
7,4,6,6,5,9,Management,3
3,8,9,5,3,5,Coding,4
1,6,4,10,4,10,Coding,5
5,8,1,10,2,8,Design,1
10,8,5,10,3,5,Coding,0
8,6,6,8,2,8,Coding,0
9,6,3,7,5,10,Management,3
10,9,10,10,3,9,Coding,0
10,3,6,5,0,6,Design,1
2,3,1,4,0,7,Management,4
2,4,7,8,3,10,Research,2
7,8,9,8,3,8,Coding,4
10,6,5,1,0,10,Design,1
3,6,8,7,2,3,Design,1
5,9,4,7,4,3,Management,3
5,4,1,2,0,1,Coding,3
8,8,8,5,4,9,Design,1
4,7,5,8,5,3,Coding,3
1,2,10,8,0,8,Coding,5
7,1,1,8,1,9,Design,1
8,7,8,5,5,6,Research,2
3,7,3,6,1,6,Design,1
4,8,8,4,2,8,Coding,4
8,8,7,2,1,1,Coding,0
10,2,9,9,1,1,Coding,0
7,5,10,7,0,7,Coding,4
2,8,9,4,1,5,Coding,4
1,4,6,10,5,4,Design,1
9,1,5,4,3,7,Design,1
9,1,7,9,2,3,Design,1
9,5,10,6,4,7,Management,4
7,6,4,8,4,5,Design,1
4,6,8,10,5,9,Design,1
8,9,8,7,2,8,Management,4
1,7,7,2,5,6,Management,4
10,4,2,6,5,1,Research,3
2,9,4,8,5,9,Research,4
4,7,8,3,2,10,Management,5
8,3,7,10,1,2,Research,2
9,2,2,3,2,3,Coding,0
3,9,8,3,0,1,Management,3
7,10,8,4,5,8,Management,4
6,9,1,5,5,2,Research,3
1,6,6,3,2,7,Management,5
9,8,2,8,5,5,Research,4
6,3,9,4,1,7,Management,4
5,8,4,4,1,3,Management,3
2,3,1,2,3,6,Coding,4
8,5,3,5,3,4,Coding,0
2,6,4,7,0,5,Management,1
7,8,6,7,4,6,Coding,4
4,10,8,10,3,5,Management,4
9,3,6,7,4,4,Design,1
6,8,8,5,1,10,Design,1
2,7,7,9,1,4,Management,5
10,1,10,1,5,10,Design,1
2,8,8,9,3,10,Coding,4
8,6,4,10,5,1,Design,1
3,3,6,4,2,6,Design,1
1,9,1,6,3,2,Management,3
10,7,5,2,5,9,Design,1
3,4,8,3,0,5,Coding,3
9,1,6,7,4,7,Coding,0
7,7,7,8,5,5,Design,1
3,2,4,1,5,3,Management,3
2,5,5,4,5,1,Research,3
8,4,2,3,2,1,Management,3
6,3,6,3,2,7,Research,2
3,9,10,7,3,3,Coding,3
5,2,2,7,2,4,Research,3
10,9,10,5,5,10,Management,4
2,7,1,4,0,2,Design,1
3,5,9,4,1,3,Coding,3
8,1,2,2,2,2,Design,1
7,6,7,2,3,3,Management,3
3,9,2,6,3,9,Design,1
6,9,10,4,4,10,Management,4
10,4,3,8,0,2,Design,1
6,1,6,8,3,8,Management,5
1,4,7,5,5,8,Research,2
3,5,6,10,1,6,Research,5
7,3,3,4,5,8,Coding,2
6,1,8,3,3,2,Research,2
9,2,4,5,3,5,Design,1
9,5,6,5,2,1,Design,1
8,7,6,7,5,7,Research,2
2,5,10,7,0,3,Design,1
7,1,1,9,1,7,Design,1
9,10,2,4,5,10,Coding,0
7,8,10,9,3,1,Management,3
2,8,9,1,0,7,Management,4
7,10,10,10,0,9,Design,1
1,6,1,6,1,1,Research,3
6,4,9,3,2,6,Design,1
7,3,6,10,5,3,Design,1
8,9,4,3,1,1,Management,3
1,8,4,2,1,7,Design,1
8,5,6,2,5,4,Research,1
2,2,9,8,2,6,Management,5
6,1,4,8,0,8,Design,1
5,1,3,8,2,5,Management,5
3,9,3,1,0,6,Coding,4
9,7,8,1,0,4,Design,1
6,9,5,10,4,2,Coding,3
1,1,4,3,5,10,Management,1
1,9,7,9,4,6,Management,4
8,8,1,3,4,2,Management,3
9,6,1,1,2,9,Management,2
10,8,3,9,0,4,Management,4
5,8,4,8,3,6,Design,1
7,2,4,2,5,5,Research,2
1,8,9,3,4,10,Management,4
1,1,3,5,0,2,Design,1
9,5,2,2,4,5,Coding,0
5,4,8,9,4,6,Management,5
3,3,7,9,4,1,Research,2
1,2,3,4,4,9,Design,1
4,2,3,8,1,1,Management,3
1,7,9,2,4,4,Coding,3
8,1,10,1,3,5,Research,2
1,5,2,7,5,2,Research,3
8,4,4,2,3,7,Management,0
6,8,8,10,3,10,Management,4
2,6,1,10,5,3,Coding,3
8,4,7,10,5,10,Design,1
4,2,10,9,5,9,Coding,5
9,5,6,4,5,3,Coding,0
1,3,5,1,4,10,Research,2
9,6,5,7,1,5,Design,1
10,2,9,9,2,8,Design,1
2,7,1,7,0,2,Coding,3
9,2,1,10,5,4,Research,5
10,4,3,7,2,2,Management,3
1,9,10,1,4,1,Design,1
5,3,6,8,3,1,Design,1
7,3,2,9,4,9,Management,5
2,2,5,6,5,2,Management,3
10,1,7,7,5,3,Management,3
7,1,1,3,1,3,Research,3
1,10,1,2,4,1,Design,1
4,3,7,9,4,9,Design,1
10,1,3,10,3,5,Coding,0
2,5,4,7,5,6,Design,1
5,10,5,5,5,3,Coding,3
3,1,5,4,2,8,Management,5
8,2,2,4,3,4,Research,2
9,8,9,1,1,2,Management,3
10,8,10,6,5,10,Management,4
8,7,3,6,5,10,Management,0
8,1,1,3,2,1,Coding,0
3,1,2,7,1,9,Design,1
3,8,9,5,0,5,Design,1
10,4,5,5,1,1,Management,3
9,6,2,4,5,6,Coding,0
10,5,7,8,4,9,Management,5
7,8,3,8,5,9,Research,4
3,3,1,8,4,3,Research,3
2,8,1,4,4,2,Research,3
3,2,3,4,2,9,Coding,2
7,3,8,9,5,3,Coding,3
2,10,9,2,0,9,Research,2
6,8,1,9,3,9,Management,4
10,2,9,5,2,5,Design,1
4,2,7,10,2,5,Design,1
1,9,7,2,0,3,Management,3
9,4,4,6,2,3,Management,3
9,9,10,1,5,2,Management,3
8,10,8,8,4,4,Design,1
8,1,5,5,5,5,Design,1
4,4,10,7,4,6,Coding,0
4,6,6,6,0,7,Coding,0
2,3,8,5,2,3,Research,2
6,9,2,3,3,6,Coding,4
8,1,6,9,2,5,Research,5
2,3,4,8,5,8,Coding,5
6,7,2,2,3,7,Coding,2
3,9,7,6,3,4,Design,1
10,3,2,1,4,7,Management,5
2,6,10,10,1,2,Coding,3
10,5,7,5,4,6,Coding,0
5,10,5,8,0,9,Design,1
7,9,2,1,0,10,Design,1
6,6,1,6,5,7,Coding,5
8,10,6,3,5,10,Design,1
7,6,8,10,5,3,Management,3
1,8,5,6,1,5,Management,4
7,3,8,2,0,4,Management,2
6,2,9,2,3,5,Design,1
3,5,10,9,1,8,Coding,5
6,7,7,7,0,8,Coding,4
6,4,10,6,4,8,Research,2
7,8,4,2,0,10,Design,1
8,10,5,8,3,3,Design,1
1,8,7,6,1,3,Research,2
5,10,2,2,3,9,Design,1
7,7,8,5,1,10,Research,2
3,2,4,4,2,7,Design,1
4,2,3,1,2,10,Design,1
7,2,7,6,1,1,Management,3
6,8,5,5,4,2,Management,3
3,4,3,8,5,3,Design,1
9,5,7,8,5,8,Management,5
10,1,7,6,4,2,Design,1
7,2,1,3,0,7,Coding,2
2,3,10,2,4,7,Coding,3
1,8,10,4,1,3,Research,2
4,1,8,3,0,3,Research,2
3,1,1,9,2,4,Coding,5
4,5,4,5,0,7,Coding,4
2,1,9,7,0,3,Research,2
5,3,4,9,5,2,Management,3
5,2,5,9,3,9,Design,1
9,2,2,6,4,5,Management,4
8,3,6,4,1,10,Research,1
5,8,5,8,4,8,Management,4
2,1,9,4,3,10,Management,2
6,7,7,4,0,8,Design,1
4,6,5,3,3,9,Research,2
3,9,10,1,1,4,Coding,4
2,10,10,1,1,4,Coding,4
2,1,5,10,3,2,Design,1
2,10,6,10,4,1,Research,3
4,5,6,7,5,3,Coding,3
2,7,8,5,3,2,Management,3
10,9,6,6,3,10,Design,1
1,7,9,1,4,6,Coding,0
5,6,10,4,4,4,Design,1
1,5,5,2,4,6,Research,1
4,9,6,3,5,3,Management,3
5,7,2,7,3,7,Coding,3
2,2,2,2,2,8,Coding,0
3,4,1,1,4,5,Coding,3
8,6,10,7,3,5,Coding,0
2,3,1,4,1,4,Coding,1
5,6,4,9,5,6,Design,1
2,8,7,10,3,2,Research,2
9,4,5,10,0,6,Research,5
8,8,5,2,1,10,Management,4
3,2,3,7,2,3,Coding,3
10,9,7,4,1,1,Management,3
3,1,5,6,2,6,Research,1
6,2,5,3,1,6,Research,4
5,7,5,5,0,10,Design,1
5,6,6,1,4,9,Research,4
6,9,2,10,4,5,Management,4
5,5,2,10,3,10,Management,5
9,3,7,4,1,2,Management,3
1,5,1,4,1,6,Coding,1
5,1,4,5,2,10,Management,3
4,2,7,7,0,9,Research,2
4,4,5,6,5,4,Management,3
1,7,2,2,5,8,Design,1
3,8,5,4,3,10,Design,1
13,6,1,4,0,7,Coding,1
7,8,2,4,5,2,Research,3
8,6,9,8,3,3,Design,1
2,8,6,9,3,9,Management,4
3,1,5,5,2,1,Coding,3
7,10,3,2,5,4,Coding,4
7,5,5,2,3,1,Research,3
4,5,4,4,4,3,Management,3
3,10,4,6,3,6,Research,4
5,3,8,4,2,8,Coding,0
1,2,7,9,0,8,Design,1
6,6,1,8,1,5,Design,1
1,3,3,9,1,8,Research,5
10,9,4,8,2,3,Management,3
3,8,7,3,1,10,Research,2
7,7,3,9,4,2,Management,3
3,4,10,6,2,10,Coding,1
5,3,10,8,2,7,Design,1
5,8,7,6,2,3,Design,1
2,8,5,6,1,9,Research,4
3,6,9,5,3,7,Management,0
3,7,6,4,1,9,Coding,5
10,4,7,9,0,8,Research,2
2,8,8,1,4,1,Design,1
4,2,3,6,2,8,Coding,2
6,6,8,3,1,1,Management,3
1,6,1,5,4,5,Management,1
10,5,1,2,5,3,Management,3
10,9,3,1,3,5,Design,1
6,6,4,2,1,1,Design,1
5,5,10,4,5,8,Coding,0
6,5,2,1,1,9,Coding,2
9,6,4,4,2,5,Coding,0
3,5,6,7,0,10,Research,2
9,5,10,6,4,3,Coding,0
3,1,9,1,1,2,Design,1
6,7,10,7,5,10,Coding,5
8,2,8,3,2,2,Management,3
8,6,10,9,5,7,Design,1
4,10,6,8,4,5,Management,4
3,8,2,8,4,3,Coding,3
2,4,10,6,2,4,Research,2
5,1,3,1,2,5,Research,5
9,4,8,6,2,10,Management,4
7,6,2,8,4,7,Coding,5
4,8,8,1,1,9,Management,4
8,5,9,3,2,2,Coding,0
9,8,7,4,1,10,Design,1
7,6,2,7,4,6,Management,2
9,1,6,3,3,3,Research,3
2,3,6,9,5,10,Coding,5
6,7,6,5,1,7,Design,1
5,10,7,7,4,9,Coding,4
2,3,1,8,3,7,Coding,5
6,3,3,1,3,3,Research,3
3,10,3,10,1,1,Coding,3
2,9,1,1,1,10,Research,4
7,3,10,8,3,1,Research,2
4,8,3,3,0,4,Design,1
3,4,10,4,5,8,Coding,3
8,1,6,2,1,2,Management,3
10,9,1,3,0,3,Coding,0
10,7,5,1,1,3,Coding,0
6,6,8,3,4,9,Management,4
10,1,9,2,3,1,Research,2
7,1,9,4,0,7,Design,1
6,8,4,1,0,8,Coding,4
7,5,10,8,5,5,Coding,5
6,9,3,3,4,4,Design,1
8,8,5,2,3,6,Management,4
7,7,4,9,0,8,Management,5
10,7,2,8,4,9,Coding,0
10,6,2,2,0,2,Design,1
3,7,7,10,3,2,Management,3
6,4,3,5,4,3,Management,3
5,2,8,9,2,10,Research,2
6,3,6,5,4,3,Research,3
5,9,2,6,1,8,Management,4
1,6,8,4,2,9,Research,2
10,3,4,10,4,3,Management,3
6,1,1,10,3,5,Management,5
7,6,1,7,3,9,Coding,3
7,8,4,1,2,4,Research,4
1,2,7,4,2,2,Management,3
3,1,8,2,1,10,Research,2
8,10,1,6,4,3,Management,3
1,7,5,1,4,3,Design,1
10,9,4,1,4,6,Coding,0
1,8,8,2,5,7,Research,2
2,10,10,10,4,1,Management,3
8,2,4,6,0,3,Design,1
4,8,2,10,1,10,Coding,4
9,2,4,9,0,2,Research,3
6,10,4,9,1,6,Management,4
2,10,2,7,0,1,Design,1
8,3,1,8,2,5,Management,5
4,8,10,1,3,9,Coding,4
9,3,6,3,3,9,Coding,0
3,3,3,6,5,9,Research,0
2,9,5,5,3,6,Research,4
4,1,9,8,1,5,Design,1
2,7,6,3,3,8,Design,1
8,8,1,4,4,9,Management,4
1,6,7,8,1,1,Design,1
5,2,4,10,5,2,Management,3
5,10,2,4,5,4,Coding,4
1,5,3,4,4,8,Design,1
5,4,5,10,4,9,Coding,5
1,7,4,10,0,3,Coding,3
2,10,10,1,1,10,Design,1
1,5,6,3,1,6,Coding,0
5,4,2,10,3,3,Research,3
8,3,7,5,1,8,Management,5
4,7,2,6,3,7,Design,1
5,9,3,4,0,5,Coding,4
10,9,3,9,5,2,Management,3
3,6,8,2,4,8,Management,3
2,6,2,9,3,9,Research,5
7,5,10,2,3,7,Management,1
7,2,7,9,2,4,Management,5
8,8,6,8,2,4,Design,1
7,1,2,4,3,4,Management,1
2,4,10,7,4,4,Research,2
4,8,5,2,1,4,Management,4
7,6,2,6,4,6,Research,5
10,9,6,4,4,3,Management,3
2,2,4,10,4,5,Management,5
8,2,10,3,2,8,Coding,0
3,10,1,10,1,1,Research,3
10,5,4,5,5,3,Design,1
3,2,2,8,4,4,Management,5
2,2,1,4,3,2,Coding,3
1,2,2,7,1,8,Design,1
9,8,3,9,4,6,Design,1
10,3,9,9,3,1,Management,3
2,5,7,3,1,6,Management,0
8,6,2,3,0,1,Coding,0
3,7,6,6,4,6,Design,1
2,3,4,9,4,5,Management,5
10,5,5,3,3,5,Research,0
2,3,3,6,4,5,Management,4
3,6,8,3,2,8,Coding,3
7,4,9,3,4,6,Management,5
9,3,1,3,5,8,Coding,0
4,4,5,10,3,2,Management,3
9,4,3,7,0,2,Coding,0
1,8,1,7,0,5,Coding,4
8,10,9,2,2,5,Coding,0
4,3,1,6,0,1,Design,1
3,7,10,3,3,10,Design,1
5,9,7,9,4,7,Design,1
2,1,9,5,2,3,Coding,3
2,9,5,10,5,1,Management,3
4,8,5,6,4,9,Coding,4
7,10,7,4,4,4,Research,2
1,4,9,7,3,4,Coding,3
1,6,5,3,4,9,Design,1
2,7,5,3,5,4,Coding,2
1,8,7,2,5,1,Coding,3
7,8,3,10,3,7,Research,4
2,6,10,10,5,8,Management,5
1,3,1,4,5,9,Research,5
10,9,10,2,4,5,Design,1
4,1,6,1,3,3,Research,3
6,7,4,8,3,2,Design,1
6,10,1,7,3,10,Coding,4
10,1,10,3,1,4,Management,5
5,6,3,6,3,3,Research,3
4,1,7,1,1,5,Coding,3
1,10,5,2,0,2,Coding,3
6,8,8,5,0,6,Management,4
4,7,4,8,0,2,Design,1
9,4,6,6,1,7,Management,1
7,2,2,9,5,10,Management,5
10,7,4,8,1,8,Design,1
9,8,8,1,0,1,Research,2
4,1,6,10,3,10,Design,1
5,7,9,5,3,9,Research,2
1,6,2,10,5,8,Research,5
10,6,6,10,0,10,Research,5
1,8,1,10,0,3,Management,3
10,10,1,2,4,4,Management,4
10,6,3,4,5,8,Research,4
9,4,1,2,1,6,Management,4
7,8,3,1,3,5,Design,1
5,1,4,9,2,3,Design,1
6,10,2,8,1,6,Coding,4
10,3,10,6,0,10,Coding,0
10,4,8,2,5,8,Research,2
10,10,9,3,3,1,Design,1
9,1,5,1,3,5,Coding,0
8,3,8,3,5,9,Design,1
3,4,9,9,4,3,Management,3
10,2,10,1,3,3,Coding,0
10,9,10,3,3,6,Coding,0
3,5,2,9,2,8,Management,5
2,3,9,10,5,5,Design,1
8,3,9,8,1,8,Research,2
8,8,7,2,1,9,Design,1
3,10,9,10,0,5,Research,2
1,3,3,2,4,9,Research,2
6,6,7,7,3,2,Coding,3
10,7,9,8,5,9,Coding,0
8,5,8,3,2,6,Coding,0
5,2,1,2,2,5,Research,2
8,7,9,9,0,5,Research,2
1,10,7,4,0,2,Coding,3
6,6,6,2,5,2,Management,3
8,3,4,7,0,10,Design,1
10,9,3,9,2,6,Design,1
6,10,6,7,3,4,Design,1
8,3,1,8,3,9,Coding,0
3,2,10,6,4,8,Management,1
8,5,7,6,4,1,Research,2
3,9,1,5,2,1,Research,3
4,5,9,3,0,10,Research,2
4,5,4,1,0,10,Research,2
5,10,7,2,1,2,Coding,3
4,5,7,4,1,8,Design,1
4,4,8,6,2,10,Management,2
7,10,3,4,5,8,Coding,4
6,9,4,1,1,10,Management,4
7,7,10,7,4,10,Coding,5
10,7,1,5,5,9,Management,3
6,3,5,4,0,3,Research,3
1,5,5,8,2,8,Research,5
10,5,1,7,0,9,Research,4
1,10,2,2,5,3,Design,1
8,9,8,3,2,7,Design,1
2,2,3,8,1,10,Management,5
6,7,9,5,4,3,Design,1
6,5,3,6,5,9,Management,2
5,5,1,8,2,10,Management,5
3,1,3,2,4,4,Research,5
6,2,8,5,2,5,Management,0
7,1,10,4,3,10,Research,2
7,4,6,8,5,4,Management,5
9,9,4,8,0,3,Management,3
10,2,10,3,1,3,Management,3
8,1,6,5,3,5,Design,1
9,5,8,9,3,8,Design,1
6,5,7,9,4,4,Design,1
3,2,3,6,1,8,Management,2
3,7,9,3,1,7,Management,3
8,4,8,1,1,7,Coding,0
3,9,10,8,3,8,Design,1
9,1,1,7,4,1,Research,3
3,3,10,4,3,9,Design,1
2,5,5,8,3,10,Research,5
6,6,4,2,0,3,Coding,3
10,3,2,9,3,5,Design,1
5,1,9,5,0,7,Coding,2
2,4,1,4,5,2,Research,3
3,10,1,8,2,4,Coding,4
9,5,4,8,5,4,Management,5
6,2,1,4,4,3,Coding,3
1,6,6,2,3,1,Research,3
9,10,6,1,1,10,Design,1
6,4,2,4,1,4,Research,4
9,8,6,2,0,8,Design,1
6,8,2,9,5,7,Research,4
7,5,5,9,5,1,Management,3
9,8,7,4,1,7,Coding,0
9,7,7,1,5,5,Research,2
8,4,3,7,3,7,Design,1
4,5,2,4,5,6,Design,1
9,10,8,8,0,9,Research,2
10,3,3,3,1,1,Design,1
10,2,7,2,4,7,Management,3
10,1,9,9,4,1,Management,3
8,8,10,7,3,1,Research,2
7,8,8,6,1,4,Management,4
7,6,1,5,2,4,Management,2
8,3,4,2,4,10,Design,1
9,2,3,5,1,1,Management,3
2,2,5,8,1,8,Research,5
9,1,1,3,4,5,Coding,0
8,3,5,2,2,10,Design,1
9,1,4,2,1,1,Management,3
7,7,1,8,3,4,Coding,5
6,9,5,8,3,10,Research,4
1,9,7,7,5,4,Management,4
8,9,9,1,5,9,Design,1
6,7,9,5,2,7,Coding,2
2,9,9,9,1,4,Research,2
1,3,9,10,4,6,Coding,5
1,8,8,6,0,10,Design,1
4,7,8,2,1,7,Management,0
2,5,6,5,3,5,Coding,1
5,1,7,2,1,1,Design,1
6,10,2,1,5,9,Research,4
2,6,2,6,3,3,Research,3
5,7,9,10,0,3,Coding,3
10,10,4,3,0,1,Design,1
6,9,3,7,1,1,Management,3
1,8,8,2,3,10,Coding,4
7,1,10,2,4,2,Design,1
5,6,7,10,3,6,Coding,5
4,9,10,9,3,6,Design,1
8,5,2,3,1,1,Design,1
2,10,10,1,1,4,Coding,4
3,7,7,8,2,9,Coding,5
5,9,8,5,2,5,Design,1
6,7,5,2,2,4,Design,1
10,2,10,8,3,3,Coding,0
8,9,9,2,0,6,Coding,0
2,8,5,10,4,10,Research,4
8,9,7,10,0,2,Design,1
7,6,8,6,5,2,Design,1
2,7,6,9,2,4,Design,1
7,9,4,3,0,10,Coding,4
8,1,6,9,5,10,Management,5
3,7,8,10,3,8,Management,5
3,4,3,9,5,5,Coding,5
7,5,8,1,0,5,Research,2
10,7,3,3,1,5,Design,1
1,2,5,1,2,5,Coding,2
8,4,6,10,2,2,Management,3
1,1,6,7,5,9,Management,5
6,4,8,2,5,4,Research,2
6,5,8,6,2,7,Coding,5
1,8,7,3,3,5,Coding,4
9,5,7,5,2,10,Research,2
5,10,6,9,0,3,Research,3
6,6,1,1,0,7,Coding,2
10,8,10,5,5,4,Design,1
4,8,2,7,0,4,Coding,4
2,1,6,7,0,5,Research,4
4,7,3,9,1,2,Coding,3
2,8,4,4,3,8,Management,4
7,4,7,10,0,7,Research,2
9,2,10,1,5,6,Design,1
2,3,8,2,4,3,Coding,3
3,10,7,3,0,5,Design,1
5,5,1,5,1,4,Management,3
7,1,2,3,2,2,Management,3
8,10,1,1,2,1,Research,3
7,3,7,3,2,6,Coding,2
7,5,3,6,0,8,Research,5
4,8,10,1,4,4,Coding,4
1,10,4,3,5,3,Coding3,1,2,7,4,6,Coding,2
2,3,8,7,3,10,1,0,10,Design,1
10,1,6,1,5,2,Research,3
6,6,3,7,0,10,Design,1
3,7,4,10,1,6,Management,5
6,10,6,5,3,3,Coding,3
2,5,1,6,0,7,Research,0
7,7,1,3,5,9,Design,1
6,8,3,4,3,8,Research,4
10,3,10,4,4,6,Design,1
10,9,6,2,3,5,Research,4
7,1,3,2,3,3,Management,3
10,1,6,8,0,3,Design,1
8,2,2,6,0,4,Management,0
7,8,6,9,0,9,Research,4
3,1,5,1,0,9,Design,1
6,3,1,4,5,1,Coding,3
1,7,6,8,3,8,Management,5
1,5,6,4,2,7,Design,1
2,5,8,4,4,5,Research,2
9,10,1,8,2,7,Coding,0
2,2,8,8,5,8,Design,1
2,4,9,6,0,2,Design,1
3,8,6,2,0,8,Coding,4
6,5,10,2,1,5,Design,1
5,5,7,4,4,5,Management,1
8,6,3,6,1,6,Management,4
2,9,2,1,5,6,Management,4
1,10,2,5,0,4,Research,4
6,10,9,6,5,1,Management,3
7,10,3,2,1,4,Management,4
7,6,9,6,2,4,Research,2
3,9,2,1,0,8,Management,4
3,3,2,4,4,6,Management,3
10,4,6,8,1,4,Management,5
8,3,1,9,5,5,Coding,0
9,5,4,4,3,3,Management,3
9,2,2,5,1,7,Research,2
4,1,7,7,0,8,Research,2
9,4,10,9,5,10,Design,1
1,7,9,9,2,10,Research,2
5,9,10,1,5,3,Management,3
5,10,9,3,0,5,Management,4
10,5,3,8,4,4,Coding,0
10,5,9,2,5,2,Management,3
1,10,5,2,1,6,Management,4
10,5,6,1,2,7,Design,1
6,2,4,3,4,7,Management,5
1,1,3,4,5,1,Management,3
3,3,4,10,0,2,Design,1
8,3,4,6,1,10,Coding,0
8,4,3,10,4,1,Management,3
7,10,9,1,1,3,Research,2
6,9,6,5,1,4,Management,4
5,2,8,6,5,1,Design,1
2,8,10,10,5,10,Research,2
6,7,5,6,5,6,Management,5
8,9,9,6,0,10,Research,2
6,5,8,2,3,5,Design,1
7,8,1,1,2,8,Coding,4
8,1,1,6,3,4,Design,1
10,5,6,10,0,3,Research,3
8,5,1,6,1,6,Design,1
9,7,8,6,0,9,Design,1
6,3,9,10,4,3,Design,1
2,7,4,8,3,9,Design,1
3,3,4,9,0,3,Research,3
7,2,6,1,4,2,Design,1
3,7,4,1,5,4,Design,1
8,8,1,6,2,5,Coding,0
6,4,9,5,0,6,Design,1
8,2,3,8,4,10,Management,5
9,9,4,9,1,2,Management,3
4,9,7,10,5,10,Research,2
5,7,9,3,0,8,Design,1
1,3,8,7,2,5,Research,2
9,6,3,9,1,4,Research,5
4,1,3,2,2,5,Design,1
2,8,4,3,4,9,Coding,4
2,9,1,5,3,3,Coding,3
8,1,8,1,4,9,Management,5
10,7,9,4,5,8,Design,1
9,2,3,4,3,10,Management,0
6,9,3,1,4,5,Management,4
7,2,1,9,3,3,Coding,3
9,8,5,8,0,2,Research,3
2,4,8,4,5,1,Coding,3
9,10,2,8,4,4,Management,4
9,10,2,9,1,3,Coding,0
10,4,5,7,1,5,Research,0
10,7,1,4,5,6,Design,1
4,6,3,4,5,2,Research,3
9,6,5,9,5,3,Design,1
5,7,2,4,4,1,Research,3
8,7,6,3,3,5,Coding,0
1,5,8,6,3,3,Management,3
1,10,6,4,0,3,Coding,3
7,10,6,4,1,7,Research,4
5,4,10,9,4,4,Coding,5
4,2,5,4,4,1,Research,3
2,8,8,10,0,10,Management,4
2,9,2,5,5,8,Research,4
1,10,9,1,4,7,Design,1
6,2,4,3,1,2,Design,1
1,5,4,6,3,1,Research,3
4,8,3,5,4,8,Design,1
8,8,4,7,0,1,Coding,0
5,2,6,1,3,5,Research,2
9,10,10,6,1,6,Design,1
8,8,6,5,3,10,Research,4
10,7,7,4,2,1,Research,2
2,7,10,3,2,10,Coding,0
5,6,6,2,3,9,Management,3
8,7,5,5,3,2,Management,3
2,5,10,9,0,1,Management,3
6,8,5,1,4,8,Research,4
6,3,4,2,5,4,Management,1
10,10,10,4,4,6,Management,4
2,6,1,3,3,2,Management,3
3,1,7,3,1,4,Research,2
6,7,1,7,0,7,Coding,0
7,1,6,6,4,7,Coding,1
6,1,5,2,4,6,Coding,4
3,1,3,3,4,6,Management,2
2,5,3,5,5,1,Management,3
9,10,1,1,2,6,Management,4
5,8,9,6,2,8,Research,2
1,4,7,5,2,3,Management,3
5,2,4,4,1,10,Coding,2
7,1,1,5,1,8,Management,2
10,8,9,3,5,5,Coding,0
9,1,3,3,4,10,Research,4
4,6,1,8,5,2,Research,3
10,8,3,7,3,2,Research,3
4,5,9,6,5,9,Coding,0
10,5,8,6,1,10,Management,2
5,8,3,10,2,2,Design,1
6,9,9,1,1,3,Research,2
2,5,8,6,0,7,Management,2
8,7,5,3,1,7,Coding,0
6,3,7,1,0,6,Coding,5
7,10,5,6,0,5,Management,4
3,6,9,10,0,9,Management,5
9,6,3,10,1,5,Design,1
2,7,4,6,1,10,Coding,1
2,3,9,10,1,6,Research,2
7,7,9,3,4,8,Research,2
4,8,3,4,1,4,Management,4
4,1,9,1,0,8,Research,2
5,2,2,9,2,7,Design,1
7,4,1,7,0,4,Design,1
5,9,4,2,2,9,Design,1
9,9,3,4,3,3,Coding,0
3,3,3,10,4,5,Coding,5
6,4,1,2,0,5,Design,1
8,10,2,5,4,2,Coding,0
9,5,7,10,2,1,Research,2
9,10,4,5,5,3,Design,1
2,1,1,1,3,5,Management,3
3,8,10,2,0,4,Design,1
5,4,4,6,2,6,Coding,3
3,2,8,8,5,4,Design,1
5,4,8,10,2,9,Management,5
4,2,6,8,5,9,Research,5
3,4,2,8,5,7,Research,5
6,7,5,9,1,1,Coding,3
5,8,5,6,2,2,Design,1
8,6,3,9,4,8,Coding,0
5,5,2,9,2,7,Management,5
5,9,6,2,4,7,Design,1
1,5,7,5,1,4,Design,1
4,10,1,9,4,4,Coding,4
1,9,5,8,5,2,Management,3
10,9,7,2,2,4,Research,2
10,7,2,5,2,5,Research,2
2,5,5,6,2,8,Management,5
1,6,10,4,4,4,Management,5
6,1,5,10,0,1,Coding,3
3,10,8,1,5,8,Research,2
7,5,6,9,0,6,Coding,5
7,10,10,8,3,5,Coding,4
1,5,3,1,5,2,Research,3
1,3,1,9,3,2,Management,3
9,5,10,10,4,6,Management,5
2,3,1,3,1,2,Management,3
5,1,4,4,4,10,Research,2
9,4,8,4,1,1,Design,1
4,5,7,9,3,8,Research,2
1,5,4,2,4,5,Management,4
8,5,7,7,0,1,Design,1
7,6,10,2,0,8,Design,1
3,8,4,6,1,4,Design,1
10,7,10,2,5,3,Coding,0
10,2,1,3,5,4,Design,1
8,6,3,9,0,9,Management,5
9,6,8,10,2,9,Design,1
3,3,9,1,0,10,Coding,0
3,1,9,10,0,10,Research,2
6,6,9,7,5,9,Design,1
6,8,5,1,5,4,Design,1
2,9,7,9,0,8,Design,1
10,6,4,6,1,8,Coding,0
1,9,8,8,1,8,Coding,4
6,10,2,2,4,9,Research,4
1,4,2,2,3,5,Management,0
8,3,6,2,5,9,Design,1
4,10,6,10,1,1,Research,3
8,9,10,5,5,5,Design,1
8,2,10,8,5,6,Coding,0
3,4,3,4,0,3,Research,3
6,5,7,8,4,2,Coding,3
1,7,2,4,0,7,Research,2
8,10,2,5,1,5,Research,4
10,10,8,5,5,5,Coding,0
5,8,2,6,1,8,Coding,4
8,7,4,6,0,10,Management,3
2,4,9,8,4,1,Design,1
6,3,3,4,3,9,Coding,4
3,1,5,5,4,2,Research,3
1,10,4,7,3,10,Management,4
7,8,10,3,5,9,Research,2
2,9,10,5,4,2,Coding,3
10,1,3,7,0,3,Coding,0
4,1,7,8,5,9,Coding,5
1,8,1,8,0,3,Design,1
3,7,4,2,2,6,Design,1
3,7,10,6,2,6,Coding,1
10,10,4,1,3,6,Research,4
6,2,6,6,1,7,Design,1
10,8,6,1,2,2,Design,1
10,5,2,10,5,9,Design,1
6,1,2,3,5,7,Design,1
9,3,6,7,1,3,Coding,0
9,3,10,3,4,10,Management,5
1,10,3,3,1,6,Research,4
5,4,4,10,3,3,Design,1
1,8,1,2,4,7,Design,1
8,4,1,6,2,4,Coding,0
4,8,7,10,0,8,Management,4
1,7,10,7,3,3,Coding,3
2,3,3,9,3,2,Management,3
1,3,4,5,5,9,Design,1
5,1,7,6,3,7,Coding,4
5,8,10,9,1,7,Research,2
10,8,3,5,4,3,Management,3
4,1,7,6,3,3,Coding,3
3,6,2,1,5,4,Coding,0
7,2,7,10,4,2,Design,1
2,3,10,9,4,5,Design,1
3,3,1,9,2,2,Coding,3
4,8,7,8,0,2,Coding,3
10,5,3,8,5,3,Design,1
3,7,2,7,5,3,Research,3
6,6,6,3,1,8,Coding,5
4,3,4,2,3,4,Coding,1
1,3,4,7,5,10,Coding,4
9,6,5,10,0,2,Coding,0
6,7,9,10,3,6,Design,1
5,3,2,10,0,6,Management,5
8,4,7,5,1,3,Design,1
10,3,2,9,2,2,Research,3
9,10,6,2,0,2,Design,1
8,8,3,1,3,9,Design,1
6,10,3,5,4,3,Research,3
10,6,2,3,0,5,Management,4
4,9,7,5,0,6,Research,2
2,9,8,6,4,2,Management,3
7,3,10,8,4,9,Research,2
3,2,8,5,4,5,Coding,1
5,1,7,7,0,1,Coding,3
2,8,3,7,4,9,Research,4
7,2,9,6,2,5,Research,2
10,5,4,10,1,4,Design,1
